Protocollo;Gruppo;DataOraIncidente;Localizzazione1;STRADA1;Localizzazione2;STRADA2;Strada02;Chilometrica;DaSpecificare;NaturaIncidente;particolaritastrade;TipoStrada;FondoStradale;Pavimentazione;Segnaletica;CondizioneAtmosferica;Traffico;Visibilita;Illuminazione;NUM_FERITI;NUM_RISERVATA;NUM_MORTI;NUM_ILLESI;Longitudine;Latitudine;Confermato;Progressivo;TipoVeicolo;StatoVeicolo;TipoPersona;Sesso;Tipolesione;Deceduto;DecedutoDopo;CinturaCascoUtilizzato;Airbag
3347230;20;10/06/2017 11:00;Strada Urbana;VIA DI VALLE MURICANA;in prossimità;;del civico n.;584;;Scontro laterale fra veicoli in marcia;Curva a visuale libera;Una carreggiata a doppio senso;Asciutto;Asfaltata;Verticale ed orizzontale;Sereno;Normale;Buona;Ore Diurne;0;0;0;4;12,46981;42,03319;-1;2;Motociclo a solo;In marcia / fermata / arresto;Conducente;M;Illeso;0;;Non accertato;
3347241;20;10/06/2017 13:40;Strada Urbana;VIA DELLA VILLA DI LIVIA;in prossimità;;del civico n.;90;;Veicolo in marcia contro veicolo fermo;Rettilineo;Una carreggiata a doppio senso;Asciutto;Asfaltata;Verticale ed orizzontale;Sereno;Normale;Buona;Ore Diurne;0;0;0;3;12,4928;42,00128;-1;1;Autovettura privata;In marcia / fermata / arresto;Conducente;M;Illeso;0;;Non accertato;
3347241;20;10/06/2017 13:40;Strada Urbana;VIA DELLA VILLA DI LIVIA;in prossimità;;del civico n.;90;;Veicolo in marcia contro veicolo fermo;Rettilineo;Una carreggiata a doppio senso;Asciutto;Asfaltata;Verticale ed orizzontale;Sereno;Normale;Buona;Ore Diurne;0;0;0;3;12,4928;42,00128;-1;1;Autovettura privata;In marcia / fermata / arresto;Passeggero;M;Illeso;0;;Non accertato;
3347241;20;10/06/2017 13:40;Strada Urbana;VIA DELLA VILLA DI LIVIA;in prossimità;;del civico n.;90;;Veicolo in marcia contro veicolo fermo;Rettilineo;Una carreggiata a doppio senso;Asciutto;Asfaltata;Verticale ed orizzontale;Sereno;Normale;Buona;Ore Diurne;0;0;0;3;12,4928;42,00128;-1;2;Autovettura privata;In marcia / fermata / arresto;Conducente;F;Illeso;0;;Non accertato;
3347255;20;11/06/2017 01:00;Provinciale;VIA BRACCIANENSE NUOVA;in prossimità;;della chilometrica;10.6;;Scontro laterale fra veicoli in marcia;Rettilineo;Una carreggiata a doppio senso;Asciutto;Asfaltata;Orizzontale;Sereno;Scarso;Insufficiente;Inesistente;3;0;0;0;12,31119;42,03651;-1;1;Autovettura privata;In marcia / fermata / arresto;Conducente;M;Rimandato;0;NON DECEDUTO;;
3347255;20;11/06/2017 01:00;Provinciale;VIA BRACCIANENSE NUOVA;in prossimità;;della chilometrica;10.6;;Scontro laterale fra veicoli in marcia;Rettilineo;Una carreggiata a doppio senso;Asciutto;Asfaltata;Orizzontale;Sereno;Scarso;Insufficiente;Inesistente;3;0;0;0;12,31119;42,03651;-1;2;Autovettura privata;In marcia / fermata / arresto;Conducente;M;Rimandato;0;NON DECEDUTO;;
3347255;20;11/06/2017 01:00;Provinciale;VIA BRACCIANENSE NUOVA;in prossimità;;della chilometrica;10.6;;Scontro laterale fra veicoli in marcia;Rettilineo;Una carreggiata a doppio senso;Asciutto;Asfaltata;Orizzontale;Sereno;Scarso;Insufficiente;Inesistente;3;0;0;0;12,31119;42,03651;-1;2;Autovettura privata;In marcia / fermata / arresto;Passeggero;F;Rimandato;0;NON DECEDUTO;;
3347265;20;11/06/2017 03:35;Comunale extraurbana;VIA DELLA STAZIONE DI CESANO;in corrispondenza;;del palo luce n.;295;;Veicolo in marcia contro ostacolo fisso;Rettilineo;Una carreggiata a doppio senso;Asciutto;Asfaltata;Orizzontale;Sereno;Scarso;Insufficiente;Insufficiente;1;0;0;0;12,32694;42,06226;-1;1;Autovettura privata;In marcia / fermata / arresto;Conducente;F;Rimandato;0;NON DECEDUTO;Non accertato;
3347366;23;10/06/2017 09:15;Strada Urbana;PIAZZALE CRISTOFORO COLOMBO;da specificare;;;;prossimità Lungomare Lutazio Catulo;Scontro frontale/laterale SX fra veicoli in marcia;Rettilineo;Più di due carreggiate;Asciutto;Asfaltata;Orizzontale;Sereno;Normale;Buona;Ore Diurne;0;0;0;3;12,41206;41,78597;-1;1;Autovettura privata;In marcia / fermata / arresto;Conducente;M;Illeso;0;;Non accertato;Esploso
3347366;23;10/06/2017 09:15;Strada Urbana;PIAZZALE CRISTOFORO COLOMBO;da specificare;;;;prossimità Lungomare Lutazio Catulo;Scontro frontale/laterale SX fra veicoli in marcia;Rettilineo;Più di due carreggiate;Asciutto;Asfaltata;Orizzontale;Sereno;Normale;Buona;Ore Diurne;0;0;0;3;12,41206;41,78597;-1;2;Autovettura privata;In marcia / fermata / arresto;Conducente;M;Illeso;0;;Non accertato;Inesploso
3347366;23;10/06/2017 09:15;Strada Urbana;PIAZZALE CRISTOFORO COLOMBO;da specificare;;;;prossimità Lungomare Lutazio Catulo;Scontro frontale/laterale SX fra veicoli in marcia;Rettilineo;Più di due carreggiate;Asciutto;Asfaltata;Orizzontale;Sereno;Normale;Buona;Ore Diurne;0;0;0;3;12,41206;41,78597;-1;2;Autovettura privata;In marcia / fermata / arresto;Passeggero;M;Illeso;0;;Non accertato;Inesploso
3347580;4;08/06/2017 18:45;Strada Urbana;VIA ISOLA BELLA;in prossimità;;del civico n.;39;;Veicolo in marcia contro veicolo in sosta;Rettilineo;Una carreggiata a senso unico di marcia;Asciutto;Asfaltata;Assente;Sereno;Normale;Buona;Ore Diurne;0;0;0;1;12,53941;41,93899;-1;1;Autovettura privata;In marcia / fermata / arresto;Conducente;M;Illeso;0;;Non accertato;Inesploso
3347599;10;11/06/2017 14:35;Strada Urbana;VIA TUSCOLANA;all'intersezione semaforizzata con;VIA DELLE CAPANNELLE;VIA DELLE CAPANNELLE;;;Scontro laterale fra veicoli in marcia;Incrocio;Una carreggiata a senso unico di marcia;Asciutto;Asfaltata;Verticale ed orizzontale;Sereno;Scarso;Sufficiente;Ore Diurne;0;0;0;3;12,57531;41,84853;-1;1;Autovettura privata;In marcia / fermata / arresto;Conducente;M;Illeso;0;;Non accertato;Inesploso
3347599;10;11/06/2017 14:35;Strada Urbana;VIA TUSCOLANA;all'intersezione semaforizzata con;VIA DELLE CAPANNELLE;VIA DELLE CAPANNELLE;;;Scontro laterale fra veicoli in marcia;Incrocio;Una carreggiata a senso unico di marcia;Asciutto;Asfaltata;Verticale ed orizzontale;Sereno;Scarso;Sufficiente;Ore Diurne;0;0;0;3;12,57531;41,84853;-1;2;Autovettura privata;In marcia / fermata / arresto;Conducente;M;Illeso;0;;Non accertato;Inesploso
3347599;10;11/06/2017 14:35;Strada Urbana;VIA TUSCOLANA;all'intersezione semaforizzata con;VIA DELLE CAPANNELLE;VIA DELLE CAPANNELLE;;;Scontro laterale fra veicoli in marcia;Incrocio;Una carreggiata a senso unico di marcia;Asciutto;Asfaltata;Verticale ed orizzontale;Sereno;Scarso;Sufficiente;Ore Diurne;0;0;0;3;12,57531;41,84853;-1;2;Autovettura privata;In marcia / fermata / arresto;Passeggero;F;Illeso;0;;Non accertato;Inesploso
3347611;4;09/06/2017 16:40;Strada Urbana;VIA DARIO NICCODEMI;all'intersezione con;VIA MARIO BACCHELLI;VIA MARIO BACCHELLI;;;Scontro laterale fra veicoli in marcia;Incrocio;Una carreggiata a doppio senso;Asciutto;Asfaltata;Verticale ed orizzontale;Sereno;Normale;Buona;Ore Diurne;0;0;0;2;12,54869;41,95483;-1;1;Autovettura privata;In marcia / fermata / arresto;Conducente;M;Illeso;0;;Non accertato;
3347611;4;09/06/2017 16:40;Strada Urbana;VIA DARIO NICCODEMI;all'intersezione con;VIA MARIO BACCHELLI;VIA MARIO BACCHELLI;;;Scontro laterale fra veicoli in marcia;Incrocio;Una carreggiata a doppio senso;Asciutto;Asfaltata;Verticale ed orizzontale;Sereno;Normale;Buona;Ore Diurne;0;0;0;2;12,54869;41,95483;-1;2;Autovettura privata;In marcia / fermata / arresto;Conducente;M;Illeso;0;;Non accertato;
3347628;4;09/06/2017 21:35;Strada Urbana;VIA SALARIA;da specificare;;;;Altezza cavalcavia MCTC  dir. RM;Investimento di pedone;Curva a visuale libera;Una carreggiata a senso unico di marcia;Asciutto;Asfaltata;Verticale ed orizzontale;Sereno;Normale;Insufficiente;Sufficiente;1;0;0;1;12,50624;41,9627;-1;;;;Pedone;M;Ricoverato;0;NON DECEDUTO;;
3347628;4;09/06/2017 21:35;Strada Urbana;VIA SALARIA;da specificare;;;;Altezza cavalcavia MCTC  dir. RM;Investimento di pedone;Curva a visuale libera;Una carreggiata a senso unico di marcia;Asciutto;Asfaltata;Verticale ed orizzontale;Sereno;Normale;Insufficiente;Sufficiente;1;0;0;1;12,50624;41,9627;-1;1;Autovettura privata;In marcia / fermata / arresto;Conducente;M;Illeso;0;;Non accertato;
3347630;18;09/06/2017 10:50;Strada Urbana;VIA BALDO DEGLI UBALDI;in prossimità;;del civico n.;66;;Scontro laterale fra veicoli in marcia;Rettilineo;Due carreggiate;Asciutto;Asfaltata;Verticale ed orizzontale;Sereno;Intenso;Buona;Ore Diurne;0;0;0;3;12,43193;41,89848;-1;1;Autovettura privata;In marcia / fermata / arresto;Conducente;F;Illeso;0;;Non accertato;Inesploso
3347630;18;09/06/2017 10:50;Strada Urbana;VIA BALDO DEGLI UBALDI;in prossimità;;del civico n.;66;;Scontro laterale fra veicoli in marcia;Rettilineo;Due carreggiate;Asciutto;Asfaltata;Verticale ed orizzontale;Sereno;Intenso;Buona;Ore Diurne;0;0;0;3;12,43193;41,89848;-1;1;Autovettura privata;In marcia / fermata / arresto;Passeggero;F;Illeso;0;;Non accertato;Inesploso
3347630;18;09/06/2017 10:50;Strada Urbana;VIA BALDO DEGLI UBALDI;in prossimità;;del civico n.;66;;Scontro laterale fra veicoli in marcia;Rettilineo;Due carreggiate;Asciutto;Asfaltata;Verticale ed orizzontale;Sereno;Intenso;Buona;Ore Diurne;0;0;0;3;12,43193;41,89848;-1;2;Autoarticolato;In marcia / fermata / arresto;Conducente;M;Illeso;0;;Non accertato;Inesploso
3347653;4;09/06/2017 10:10;Strada Urbana;VIA AUGUSTO GENINA;da specificare;;;;Fronte Civ. 46;Investimento di pedone;Rettilineo;Una carreggiata a senso unico di marcia;Asciutto;Asfaltata;Verticale ed orizzontale;Sereno;Scarso;Buona;Ore Diurne;1;0;0;1;12,53655;41,96137;-1;;;;Pedone;M;Rimandato;0;NON DECEDUTO;;
3347653;4;09/06/2017 10:10;Strada Urbana;VIA AUGUSTO GENINA;da specificare;;;;Fronte Civ. 46;Investimento di pedone;Rettilineo;Una carreggiata a senso unico di marcia;Asciutto;Asfaltata;Verticale ed orizzontale;Sereno;Scarso;Buona;Ore Diurne;1;0;0;1;12,53655;41,96137;-1;1;Autovettura privata;In marcia / fermata / arresto;Conducente;M;Illeso;0;;Non accertato;Inesploso
3347658;18;09/06/2017 15:30;Strada Urbana;VIA DELLA PINETA SACCHETTI;in prossimità;;del civico n.;85;;Scontro laterale fra veicoli in marcia;Rettilineo;Una carreggiata a doppio senso;Asciutto;Asfaltata;Verticale ed orizzontale;Sereno;Normale;Buona;Ore Diurne;1;0;0;1;12,42349;41,91279;-1;1;Autovettura privata;In marcia / fermata / arresto;Conducente;F;Illeso;0;;;
3347658;18;09/06/2017 15:30;Strada Urbana;VIA DELLA PINETA SACCHETTI;in prossimità;;del civico n.;85;;Scontro laterale fra veicoli in marcia;Rettilineo;Una carreggiata a doppio senso;Asciutto;Asfaltata;Verticale ed orizzontale;Sereno;Normale;Buona;Ore Diurne;1;0;0;1;12,42349;41,91279;-1;2;Motociclo a solo;In marcia / fermata / arresto;Conducente;M;Rifiuta cure immediate;0;NON DECEDUTO;;
3347671;4;09/06/2017 10:00;Strada Urbana;VIA TONALE;all'intersezione con;VIA MONTE S. VICINO;VIA MONTE S. VICINO;;;Scontro laterale fra veicoli in marcia;Intersezione stradale segnalata;Una carreggiata a doppio senso;Asciutto;Asfaltata;Assente;Sereno;Normale;Buona;Ore Diurne;0;0;0;3;12,53301;41,94916;-1;1;Autovettura privata;In marcia / fermata / arresto;Conducente;F;Illeso;0;;Non accertato;
3347671;4;09/06/2017 10:00;Strada Urbana;VIA TONALE;all'intersezione con;VIA MONTE S. VICINO;VIA MONTE S. VICINO;;;Scontro laterale fra veicoli in marcia;Intersezione stradale segnalata;Una carreggiata a doppio senso;Asciutto;Asfaltata;Assente;Sereno;Normale;Buona;Ore Diurne;0;0;0;3;12,53301;41,94916;-1;2;Autovettura privata;In marcia / fermata / arresto;Conducente;M;Illeso;0;;Non accertato;
3347671;4;09/06/2017 10:00;Strada Urbana;VIA TONALE;all'intersezione con;VIA MONTE S. VICINO;VIA MONTE S. VICINO;;;Scontro laterale fra veicoli in marcia;Intersezione stradale segnalata;Una carreggiata a doppio senso;Asciutto;Asfaltata;Assente;Sereno;Normale;Buona;Ore Diurne;0;0;0;3;12,53301;41,94916;-1;2;Autovettura privata;In marcia / fermata / arresto;Passeggero;F;Illeso;0;;Non accertato;
3347690;4;09/06/2017 11:50;Statale entro l'abitato;VIA SALARIA;in prossimità;;del civico n.;825;;Scontro laterale fra veicoli in marcia;Rettilineo;Due carreggiate;Asciutto;Asfaltata;Verticale ed orizzontale;Sereno;Normale;Buona;Ore Diurne;0;0;0;3;12,50559;41,95446;-1;1;Autovettura privata;In marcia / fermata / arresto;Conducente;M;Illeso;0;;Non accertato;
3347690;4;09/06/2017 11:50;Statale entro l'abitato;VIA SALARIA;in prossimità;;del civico n.;825;;Scontro laterale fra veicoli in marcia;Rettilineo;Due carreggiate;Asciutto;Asfaltata;Verticale ed orizzontale;Sereno;Normale;Buona;Ore Diurne;0;0;0;3;12,50559;41,95446;-1;1;Autovettura privata;In marcia / fermata / arresto;Passeggero;M;Illeso;0;;Non accertato;
3347690;4;09/06/2017 11:50;Statale entro l'abitato;VIA SALARIA;in prossimità;;del civico n.;825;;Scontro laterale fra veicoli in marcia;Rettilineo;Due carreggiate;Asciutto;Asfaltata;Verticale ed orizzontale;Sereno;Normale;Buona;Ore Diurne;0;0;0;3;12,50559;41,95446;-1;2;Autovettura privata;In marcia / fermata / arresto;Conducente;M;Illeso;0;;Non accertato;
3347704;10;11/06/2017 16:35;Strada Urbana;VIA TUSCOLANA;in prossimità;;del palo luce n.;774;;Tamponamento;Rettilineo;Una carreggiata a senso unico di marcia;Asciutto;Asfaltata;Verticale ed orizzontale;Sereno;Normale;Sufficiente;Ore Diurne;2;0;0;1;12,57642;41,84808;-1;1;Autovettura privata;In marcia / fermata / arresto;Conducente;M;Illeso;0;;Non accertato;Inesploso
3347704;10;11/06/2017 16:35;Strada Urbana;VIA TUSCOLANA;in prossimità;;del palo luce n.;774;;Tamponamento;Rettilineo;Una carreggiata a senso unico di marcia;Asciutto;Asfaltata;Verticale ed orizzontale;Sereno;Normale;Sufficiente;Ore Diurne;2;0;0;1;12,57642;41,84808;-1;1;Autovettura privata;In marcia / fermata / arresto;Passeggero;M;Rimandato;0;NON DECEDUTO;Non accertato;Inesploso
3347704;10;11/06/2017 16:35;Strada Urbana;VIA TUSCOLANA;in prossimità;;del palo luce n.;774;;Tamponamento;Rettilineo;Una carreggiata a senso unico di marcia;Asciutto;Asfaltata;Verticale ed orizzontale;Sereno;Normale;Sufficiente;Ore Diurne;2;0;0;1;12,57642;41,84808;-1;2;Autovettura privata;In marcia / fermata / arresto;Conducente;M;Rifiuta cure immediate;0;NON DECEDUTO;Non accertato;Inesploso
3347707;4;09/06/2017 18:00;Strada Urbana;VIA DI CASAL BOCCONE;in prossimità;;del civico n.;256;;Infortunio per sola frenata improvvisa;Rettilineo;Due carreggiate;Asciutto;Asfaltata;Verticale ed orizzontale;Sereno;Normale;Buona;Ore Diurne;2;0;0;0;12,5543;41,96512;-1;1;Motociclo con passeggero;In marcia / fermata / arresto;Conducente;M;Rimandato;0;NON DECEDUTO;Non accertato;
3347707;4;09/06/2017 18:00;Strada Urbana;VIA DI CASAL BOCCONE;in prossimità;;del civico n.;256;;Infortunio per sola frenata improvvisa;Rettilineo;Due carreggiate;Asciutto;Asfaltata;Verticale ed orizzontale;Sereno;Normale;Buona;Ore Diurne;2;0;0;0;12,5543;41,96512;-1;1;Motociclo con passeggero;In marcia / fermata / arresto;Passeggero;F;Rimandato;0;NON DECEDUTO;Non accertato;
3347735;4;10/06/2017 06:45;Provinciale entro l'abitato;VIA NOMENTANA;all'intersezione con;VIA CARLO LORENZINI;VIA CARLO LORENZINI;;;Scontro laterale fra veicoli in marcia;Incrocio;Una carreggiata a doppio senso;Asciutto;Asfaltata;Orizzontale;Sereno;Normale;Buona;Ore Diurne;0;0;0;3;12,55245;41,94115;-1;1;Autovettura privata;In marcia / fermata / arresto;Conducente;M;Illeso;0;;Non accertato;Inesploso
3347735;4;10/06/2017 06:45;Provinciale entro l'abitato;VIA NOMENTANA;all'intersezione con;VIA CARLO LORENZINI;VIA CARLO LORENZINI;;;Scontro laterale fra veicoli in marcia;Incrocio;Una carreggiata a doppio senso;Asciutto;Asfaltata;Orizzontale;Sereno;Normale;Buona;Ore Diurne;0;0;0;3;12,55245;41,94115;-1;1;Autovettura privata;In marcia / fermata / arresto;Passeggero;F;Illeso;0;;;Inesploso
3347735;4;10/06/2017 06:45;Provinciale entro l'abitato;VIA NOMENTANA;all'intersezione con;VIA CARLO LORENZINI;VIA CARLO LORENZINI;;;Scontro laterale fra veicoli in marcia;Incrocio;Una carreggiata a doppio senso;Asciutto;Asfaltata;Orizzontale;Sereno;Normale;Buona;Ore Diurne;0;0;0;3;12,55245;41,94115;-1;2;Autovettura privata;In marcia / fermata / arresto;Conducente;F;Illeso;0;;Non accertato;
3347778;13;10/06/2017 18:00;Strada Urbana;VIA CORRADO CAGLI;in corrispondenza;;del civico n.;83;;Tamponamento;Rettilineo;Due carreggiate;Asciutto;Asfaltata;Verticale ed orizzontale;Sereno;Normale;Buona;Ore Diurne;3;0;0;2;12,34507;41,77368;-1;1;Autovettura privata;In marcia / fermata / arresto;Conducente;M;Rimandato;0;NON DECEDUTO;Non accertato;Inesploso
3347778;13;10/06/2017 18:00;Strada Urbana;VIA CORRADO CAGLI;in corrispondenza;;del civico n.;83;;Tamponamento;Rettilineo;Due carreggiate;Asciutto;Asfaltata;Verticale ed orizzontale;Sereno;Normale;Buona;Ore Diurne;3;0;0;2;12,34507;41,77368;-1;1;Autovettura privata;In marcia / fermata / arresto;Passeggero;F;Rimandato;0;NON DECEDUTO;Non accertato;Inesploso
3347778;13;10/06/2017 18:00;Strada Urbana;VIA CORRADO CAGLI;in corrispondenza;;del civico n.;83;;Tamponamento;Rettilineo;Due carreggiate;Asciutto;Asfaltata;Verticale ed orizzontale;Sereno;Normale;Buona;Ore Diurne;3;0;0;2;12,34507;41,77368;-1;1;Autovettura privata;In marcia / fermata / arresto;Passeggero;F;Illeso;0;;Non accertato;Inesistente
3347778;13;10/06/2017 18:00;Strada Urbana;VIA CORRADO CAGLI;in corrispondenza;;del civico n.;83;;Tamponamento;Rettilineo;Due carreggiate;Asciutto;Asfaltata;Verticale ed orizzontale;Sereno;Normale;Buona;Ore Diurne;3;0;0;2;12,34507;41,77368;-1;1;Autovettura privata;In marcia / fermata / arresto;Passeggero;F;Rimandato;0;NON DECEDUTO;Non accertato;Inesistente
3347778;13;10/06/2017 18:00;Strada Urbana;VIA CORRADO CAGLI;in corrispondenza;;del civico n.;83;;Tamponamento;Rettilineo;Due carreggiate;Asciutto;Asfaltata;Verticale ed orizzontale;Sereno;Normale;Buona;Ore Diurne;3;0;0;2;12,34507;41,77368;-1;2;Autocarro inferiore 35 q.;In marcia / fermata / arresto;Conducente;M;Illeso;0;;Non accertato;Inesploso
3347801;13;11/06/2017 04:15;Comunale extraurbana;VIA DEL MARE;in corrispondenza;;della chilometrica;23.9;;Fuoriuscita dalla sede stradale;Curva a visuale libera;Una carreggiata a senso unico di marcia;Asciutto;Asfaltata;Orizzontale;Sereno;Scarso;Buona;Sufficiente;0;0;0;4;12,46323;41,84026;-1;1;Autovettura privata;In marcia / fermata / arresto;Conducente;M;Illeso;0;;;
3347801;13;11/06/2017 04:15;Comunale extraurbana;VIA DEL MARE;in corrispondenza;;della chilometrica;23.9;;Fuoriuscita dalla sede stradale;Curva a visuale libera;Una carreggiata a senso unico di marcia;Asciutto;Asfaltata;Orizzontale;Sereno;Scarso;Buona;Sufficiente;0;0;0;4;12,46323;41,84026;-1;1;Autovettura privata;In marcia / fermata / arresto;Passeggero;M;Illeso;0;;Non accertato;Inesploso
3347801;13;11/06/2017 04:15;Comunale extraurbana;VIA DEL MARE;in corrispondenza;;della chilometrica;23.9;;Fuoriuscita dalla sede stradale;Curva a visuale libera;Una carreggiata a senso unico di marcia;Asciutto;Asfaltata;Orizzontale;Sereno;Scarso;Buona;Sufficiente;0;0;0;4;12,46323;41,84026;-1;1;Autovettura privata;In marcia / fermata / arresto;Passeggero;M;Illeso;0;;Non accertato;Inesploso
3347801;13;11/06/2017 04:15;Comunale extraurbana;VIA DEL MARE;in corrispondenza;;della chilometrica;23.9;;Fuoriuscita dalla sede stradale;Curva a visuale libera;Una carreggiata a senso unico di marcia;Asciutto;Asfaltata;Orizzontale;Sereno;Scarso;Buona;Sufficiente;0;0;0;4;12,46323;41,84026;-1;1;Autovettura privata;In marcia / fermata / arresto;Passeggero;M;Illeso;0;;Non utilizzato;Inesploso
3347942;9;09/06/2017 12:30;Strada Urbana;VIA VETURIA;in prossimità;;del civico n.;92;;Veicolo in marcia contro veicolo in sosta;Rettilineo;Una carreggiata a senso unico di marcia;Asciutto;Asfaltata;Verticale ed orizzontale;Sereno;Normale;Buona;Ore Diurne;0;0;0;1;12,52371;41,8777;-1;1;Autovettura privata;In marcia / fermata / arresto;Conducente;M;Illeso;0;;Non accertato;Inesploso
3347946;9;09/06/2017 15:20;Strada Urbana;VIALE DELLE MURA LATINE;all'intersezione con;VIA APPIA ANTICA;VIA APPIA ANTICA;;;Scontro laterale fra veicoli in marcia;Incrocio;Una carreggiata a doppio senso;Asciutto;Asfaltata;Verticale ed orizzontale;Sereno;Normale;Buona;Ore Diurne;1;0;0;2;12,50169;41,87325;-1;1;Motociclo a solo;In marcia / fermata / arresto;Conducente;M;Illeso;0;;Non accertato;
3347946;9;09/06/2017 15:20;Strada Urbana;VIALE DELLE MURA LATINE;all'intersezione con;VIA APPIA ANTICA;VIA APPIA ANTICA;;;Scontro laterale fra veicoli in marcia;Incrocio;Una carreggiata a doppio senso;Asciutto;Asfaltata;Verticale ed orizzontale;Sereno;Normale;Buona;Ore Diurne;1;0;0;2;12,50169;41,87325;-1;2;Motociclo a solo;In marcia / fermata / arresto;Conducente;M;Rimandato;0;NON DECEDUTO;Non accertato;
3347946;9;09/06/2017 15:20;Strada Urbana;VIALE DELLE MURA LATINE;all'intersezione con;VIA APPIA ANTICA;VIA APPIA ANTICA;;;Scontro laterale fra veicoli in marcia;Incrocio;Una carreggiata a doppio senso;Asciutto;Asfaltata;Verticale ed orizzontale;Sereno;Normale;Buona;Ore Diurne;1;0;0;2;12,50169;41,87325;-1;2;Motociclo a solo;In marcia / fermata / arresto;Passeggero;F;Illeso;0;;Non accertato;
3347949;9;10/06/2017 01:30;Strada Urbana;VIA ANAGNINA;in corrispondenza;;del civico n.;19;;Veicolo in marcia contro veicolo in sosta;Rettilineo;Una carreggiata a senso unico di marcia;Asciutto;Asfaltata;Orizzontale;Sereno;Normale;Sufficiente;Sufficiente;0;0;1;0;12,58954;41,83936;-1;1;Autovettura privata;In marcia / fermata / arresto;Conducente;M;Prognosi riservata;0;DECEDUTO DA 25 A 48 ORE DOPO;Non accertato;Inesploso
3347954;9;10/06/2017 08:45;Strada Urbana;VIA ROCCA DI PAPA;all'intersezione con;LARGO FALVATERRA;LARGO FALVATERRA;;;Veicolo in marcia contro veicoli in sosta;Incrocio;Una carreggiata a doppio senso;Asciutto;Asfaltata;Verticale ed orizzontale;Sereno;Scarso;Buona;Ore Diurne;1;0;0;0;12,53409;41,86845;-1;1;Autovettura privata;In marcia / fermata / arresto;Conducente;M;Rimandato;0;NON DECEDUTO;Non accertato;Inesploso
3347955;9;10/06/2017 20:00;Strada Urbana;VIA MARCO PAPIO;in corrispondenza;;del civico n.;73;;Investimento di pedone;Rettilineo;Una carreggiata a doppio senso;Asciutto;Asfaltata;Orizzontale;Sereno;Normale;Sufficiente;Ore Diurne;1;0;0;1;12,55165;41,86647;-1;;;;Pedone;F;Rimandato;0;NON DECEDUTO;;
3347955;9;10/06/2017 20:00;Strada Urbana;VIA MARCO PAPIO;in corrispondenza;;del civico n.;73;;Investimento di pedone;Rettilineo;Una carreggiata a doppio senso;Asciutto;Asfaltata;Orizzontale;Sereno;Normale;Sufficiente;Ore Diurne;1;0;0;1;12,55165;41,86647;-1;1;Autovettura privata;In marcia / fermata / arresto;Conducente;M;Illeso;0;;Non accertato;Inesploso
3347957;9;11/06/2017 03:30;Strada Urbana;VIA POGGI D'ORO;all'intersezione semaforizzata con;VIA DELLE CAVE;VIA DELLE CAVE;;;Scontro frontale/laterale DX fra veicoli in marcia;Incrocio;Una carreggiata a senso unico di marcia;Asciutto;Asfaltata;Verticale ed orizzontale;Sereno;Scarso;Buona;Sufficiente;0;0;0;3;12,52967;41,87154;-1;1;Autovettura privata;In marcia / fermata / arresto;Conducente;M;Illeso;0;;Non accertato;Esploso
3347957;9;11/06/2017 03:30;Strada Urbana;VIA POGGI D'ORO;all'intersezione semaforizzata con;VIA DELLE CAVE;VIA DELLE CAVE;;;Scontro frontale/laterale DX fra veicoli in marcia;Incrocio;Una carreggiata a senso unico di marcia;Asciutto;Asfaltata;Verticale ed orizzontale;Sereno;Scarso;Buona;Sufficiente;0;0;0;3;12,52967;41,87154;-1;1;Autovettura privata;In marcia / fermata / arresto;Passeggero;F;Illeso;0;;Non accertato;Esploso
3347957;9;11/06/2017 03:30;Strada Urbana;VIA POGGI D'ORO;all'intersezione semaforizzata con;VIA DELLE CAVE;VIA DELLE CAVE;;;Scontro frontale/laterale DX fra veicoli in marcia;Incrocio;Una carreggiata a senso unico di marcia;Asciutto;Asfaltata;Verticale ed orizzontale;Sereno;Scarso;Buona;Sufficiente;0;0;0;3;12,52967;41,87154;-1;2;Autovettura privata;In marcia / fermata / arresto;Conducente;M;Illeso;0;;Non accertato;Esploso
3347958;9;10/06/2017 14:00;Strada Urbana;VIA APPIA NUOVA;in corrispondenza;;del civico n.;119;;Scontro laterale fra veicoli in marcia;Rettilineo;Due carreggiate;Asciutto;Asfaltata;Verticale;Sereno;Scarso;Buona;Ore Diurne;0;0;0;2;12,51334;41,88274;-1;1;Autovettura privata;In marcia / fermata / arresto;Conducente;M;Illeso;0;;Non accertato;Inesploso
3347958;9;10/06/2017 14:00;Strada Urbana;VIA APPIA NUOVA;in corrispondenza;;del civico n.;119;;Scontro laterale fra veicoli in marcia;Rettilineo;Due carreggiate;Asciutto;Asfaltata;Verticale;Sereno;Scarso;Buona;Ore Diurne;0;0;0;2;12,51334;41,88274;-1;2;Autocarro inferiore 35 q.;In marcia / fermata / arresto;Conducente;M;Illeso;0;;Non accertato;Inesploso