Protocollo;Gruppo;DataOraIncidente;Localizzazione1;STRADA1;Localizzazione2;STRADA2;Strada02;Chilometrica;DaSpecificare;NaturaIncidente;particolaritastrade;TipoStrada;FondoStradale;Pavimentazione;Segnaletica;CondizioneAtmosferica;Traffico;Visibilita;Illuminazione;NUM_FERITI;NUM_RISERVATA;NUM_MORTI;NUM_ILLESI;Longitudine;Latitudine;Confermato;Progressivo;TipoVeicolo;StatoVeicolo;TipoPersona;Sesso;Tipolesione;Deceduto;DecedutoDopo;CinturaCascoUtilizzato;Airbag
3356899;8;16/06/2017 20:50;Statale entro l'abitato;VIA CASILINA;in corrispondenza;;del civico n.;1048;;Tamponamento Multiplo;Rettilineo;Una carreggiata a doppio senso;Asciutto;Asfaltata;Verticale ed orizzontale;Sereno;Intenso;Sufficiente;Ore Diurne;1;0;0;7;12,58959;41,86762;-1;2;Autovettura privata;In marcia / fermata / arresto;Passeggero;F;Illeso;0;;Non accertato;Inesploso
3356899;8;16/06/2017 20:50;Statale entro l'abitato;VIA CASILINA;in corrispondenza;;del civico n.;1048;;Tamponamento Multiplo;Rettilineo;Una carreggiata a doppio senso;Asciutto;Asfaltata;Verticale ed orizzontale;Sereno;Intenso;Sufficiente;Ore Diurne;1;0;0;7;12,58959;41,86762;-1;3;Autovettura privata;In marcia / fermata / arresto;Conducente;M;Illeso;0;;Non accertato;Inesploso
3356899;8;16/06/2017 20:50;Statale entro l'abitato;VIA CASILINA;in corrispondenza;;del civico n.;1048;;Tamponamento Multiplo;Rettilineo;Una carreggiata a doppio senso;Asciutto;Asfaltata;Verticale ed orizzontale;Sereno;Intenso;Sufficiente;Ore Diurne;1;0;0;7;12,58959;41,86762;-1;4;Autovettura privata;In marcia / fermata / arresto;Conducente;M;Illeso;0;;Non accertato;Inesploso
3356901;11;16/06/2017 13:40;Strada Urbana;VIA CRISTOFORO COLOMBO;da specificare;;;;circa 5 mt dopo intersezione Via Accademia Agiati;Tamponamento Multiplo;Rettilineo;Più di due carreggiate;Asciutto;Asfaltata;Verticale ed orizzontale;Sereno;Intenso;Buona;Ore Diurne;0;0;0;4;12,48817;41,85244;-1;1;Autovettura privata;In marcia / fermata / arresto;Conducente;F;Illeso;0;;;
3356901;11;16/06/2017 13:40;Strada Urbana;VIA CRISTOFORO COLOMBO;da specificare;;;;circa 5 mt dopo intersezione Via Accademia Agiati;Tamponamento Multiplo;Rettilineo;Più di due carreggiate;Asciutto;Asfaltata;Verticale ed orizzontale;Sereno;Intenso;Buona;Ore Diurne;0;0;0;4;12,48817;41,85244;-1;2;Autovettura privata;In marcia / fermata / arresto;Conducente;F;Illeso;0;;;
3356901;11;16/06/2017 13:40;Strada Urbana;VIA CRISTOFORO COLOMBO;da specificare;;;;circa 5 mt dopo intersezione Via Accademia Agiati;Tamponamento Multiplo;Rettilineo;Più di due carreggiate;Asciutto;Asfaltata;Verticale ed orizzontale;Sereno;Intenso;Buona;Ore Diurne;0;0;0;4;12,48817;41,85244;-1;3;Autovettura privata;In marcia / fermata / arresto;Conducente;M;Illeso;0;;;
3356901;11;16/06/2017 13:40;Strada Urbana;VIA CRISTOFORO COLOMBO;da specificare;;;;circa 5 mt dopo intersezione Via Accademia Agiati;Tamponamento Multiplo;Rettilineo;Più di due carreggiate;Asciutto;Asfaltata;Verticale ed orizzontale;Sereno;Intenso;Buona;Ore Diurne;0;0;0;4;12,48817;41,85244;-1;4;Autovettura privata;In marcia / fermata / arresto;Conducente;F;Illeso;0;;;
3356902;8;16/06/2017 23:00;Provinciale entro l'abitato;VIA POLENSE;all'intersezione con;VIA DI ROCCA CENCIA;VIA DI ROCCA CENCIA;;;Scontro frontale/laterale SX fra veicoli in marcia;Incrocio;Una carreggiata a doppio senso;Asciutto;Asfaltata;Verticale ed orizzontale;Sereno;Normale;Insufficiente;Insufficiente;0;0;0;2;12,69699;41,89023;-1;1;Autovettura privata;In marcia / fermata / arresto;Conducente;M;Illeso;0;;Esente;Inesploso
3356902;8;16/06/2017 23:00;Provinciale entro l'abitato;VIA POLENSE;all'intersezione con;VIA DI ROCCA CENCIA;VIA DI ROCCA CENCIA;;;Scontro frontale/laterale SX fra veicoli in marcia;Incrocio;Una carreggiata a doppio senso;Asciutto;Asfaltata;Verticale ed orizzontale;Sereno;Normale;Insufficiente;Insufficiente;0;0;0;2;12,69699;41,89023;-1;2;Autovettura privata;In marcia / fermata / arresto;Conducente;F;Illeso;0;;Non accertato;Inesploso
3356918;13;16/06/2017 14:55;Strada Urbana;LUNGOMARE PAOLO TOSCANELLI;in corrispondenza;;del civico n.;180;;Investimento di pedone;Rettilineo;Una carreggiata a doppio senso;Asciutto;Asfaltata;Orizzontale;Sereno;Normale;Buona;Ore Diurne;1;1;0;0;12,27187;41,73124;-1;;;;Pedone;F;Prognosi riservata;0;NON DECEDUTO;;
3356918;13;16/06/2017 14:55;Strada Urbana;LUNGOMARE PAOLO TOSCANELLI;in corrispondenza;;del civico n.;180;;Investimento di pedone;Rettilineo;Una carreggiata a doppio senso;Asciutto;Asfaltata;Orizzontale;Sereno;Normale;Buona;Ore Diurne;1;1;0;0;12,27187;41,73124;-1;1;Motociclo a solo;In marcia / fermata / arresto;Conducente;M;Rimandato;0;NON DECEDUTO;Utilizzato;
3356934;2;16/06/2017 11:40;Strada Urbana;PIAZZA VESCOVIO;in corrispondenza;;del civico n.;21;;Scontro laterale fra veicoli in marcia;Rotatoria;Una carreggiata a senso unico di marcia;Asciutto;Asfaltata;Verticale ed orizzontale;Sereno;Scarso;Buona;Ore Diurne;0;0;0;2;12,5119;41,93298;-1;1;Autovettura privata;In marcia / fermata / arresto;Conducente;M;Illeso;0;;Non accertato;Inesploso
3356934;2;16/06/2017 11:40;Strada Urbana;PIAZZA VESCOVIO;in corrispondenza;;del civico n.;21;;Scontro laterale fra veicoli in marcia;Rotatoria;Una carreggiata a senso unico di marcia;Asciutto;Asfaltata;Verticale ed orizzontale;Sereno;Scarso;Buona;Ore Diurne;0;0;0;2;12,5119;41,93298;-1;2;Autovettura privata;In marcia / fermata / arresto;Conducente;F;Illeso;0;;Non accertato;Inesploso
3356935;11;16/06/2017 16:55;Strada Urbana;PONTE DELL'INDUSTRIA;da specificare;;;;prossimità VIA DEL PORTO FLUVIALE;Tamponamento Multiplo;Rettilineo;Una carreggiata a doppio senso;Asciutto;Asfaltata;Verticale ed orizzontale;Sereno;Intenso;Buona;Ore Diurne;2;0;0;2;12,47243;41,87201;-1;1;Autovettura privata;In marcia / fermata / arresto;Conducente;F;Rifiuta cure immediate;0;NON DECEDUTO;;
3356935;11;16/06/2017 16:55;Strada Urbana;PONTE DELL'INDUSTRIA;da specificare;;;;prossimità VIA DEL PORTO FLUVIALE;Tamponamento Multiplo;Rettilineo;Una carreggiata a doppio senso;Asciutto;Asfaltata;Verticale ed orizzontale;Sereno;Intenso;Buona;Ore Diurne;2;0;0;2;12,47243;41,87201;-1;2;Motociclo con passeggero;In marcia / fermata / arresto;Conducente;M;Rimandato;0;NON DECEDUTO;;
3356935;11;16/06/2017 16:55;Strada Urbana;PONTE DELL'INDUSTRIA;da specificare;;;;prossimità VIA DEL PORTO FLUVIALE;Tamponamento Multiplo;Rettilineo;Una carreggiata a doppio senso;Asciutto;Asfaltata;Verticale ed orizzontale;Sereno;Intenso;Buona;Ore Diurne;2;0;0;2;12,47243;41,87201;-1;3;Autovettura privata;In marcia / fermata / arresto;Conducente;F;Illeso;0;;;
3356935;11;16/06/2017 16:55;Strada Urbana;PONTE DELL'INDUSTRIA;da specificare;;;;prossimità VIA DEL PORTO FLUVIALE;Tamponamento Multiplo;Rettilineo;Una carreggiata a doppio senso;Asciutto;Asfaltata;Verticale ed orizzontale;Sereno;Intenso;Buona;Ore Diurne;2;0;0;2;12,47243;41,87201;-1;4;Motociclo con passeggero;In marcia / fermata / arresto;Conducente;M;Illeso;0;;;
3356961;2;17/06/2017 01:25;Strada Urbana;VIA PIETRO ANTONIO MICHELI;in corrispondenza;;del civico n.;53;;Veicolo in marcia contro veicolo in sosta;Rettilineo;Una carreggiata a senso unico di marcia;Asciutto;Asfaltata;Verticale;Sereno;Scarso;Buona;Sufficiente;1;0;0;0;12,4819;41,92491;-1;1;Ciclomotore;In marcia / fermata / arresto;Conducente;M;Ricoverato;0;NON DECEDUTO;Non accertato;
3356982;11;17/06/2017 00:11;Strada Urbana;LUNGOTEVERE DEGLI INVENTORI;in prossimità;;del civico n.;116A;;Veicolo in marcia contro ostacolo accidentale;Rettilineo;Una carreggiata a doppio senso;Asciutto;Asfaltata;Verticale ed orizzontale;Sereno;Scarso;Buona;Insufficiente;0;0;0;1;12,46493;41,86101;-1;1;Autovettura privata;In marcia / fermata / arresto;Conducente;M;Illeso;0;;;
3357018;11;16/06/2017 12:15;Strada Urbana;VIA ANDREA SOLARIO;in corrispondenza;;del civico n.;76;;Scontro frontale/laterale DX fra veicoli in marcia;Rettilineo;Una carreggiata a doppio senso;Asciutto;Asfaltata;Verticale ed orizzontale;Sereno;Normale;Buona;Ore Diurne;0;0;0;2;12,48787;41,83795;-1;1;Autovettura privata;In marcia / fermata / arresto;Conducente;M;Illeso;0;;;
3357018;11;16/06/2017 12:15;Strada Urbana;VIA ANDREA SOLARIO;in corrispondenza;;del civico n.;76;;Scontro frontale/laterale DX fra veicoli in marcia;Rettilineo;Una carreggiata a doppio senso;Asciutto;Asfaltata;Verticale ed orizzontale;Sereno;Normale;Buona;Ore Diurne;0;0;0;2;12,48787;41,83795;-1;2;Autovettura privata;In marcia / fermata / arresto;Conducente;F;Illeso;0;;;
3357051;17;16/06/2017 11:00;Strada Urbana;VIALE GIULIO CESARE;all'intersezione semaforizzata con;VIA BARLETTA;VIA BARLETTA;;;Scontro laterale fra veicoli in marcia;Incrocio;Una carreggiata a doppio senso;Asciutto;Asfaltata;Verticale ed orizzontale;Sereno;Normale;Buona;Ore Diurne;0;0;0;2;12,46283;41,91073;-1;1;Autovettura privata;In marcia / fermata / arresto;Conducente;M;Illeso;0;;;
3357051;17;16/06/2017 11:00;Strada Urbana;VIALE GIULIO CESARE;all'intersezione semaforizzata con;VIA BARLETTA;VIA BARLETTA;;;Scontro laterale fra veicoli in marcia;Incrocio;Una carreggiata a doppio senso;Asciutto;Asfaltata;Verticale ed orizzontale;Sereno;Normale;Buona;Ore Diurne;0;0;0;2;12,46283;41,91073;-1;2;Autovettura privata;In marcia / fermata / arresto;Conducente;M;Illeso;0;;;
3357114;17;16/06/2017 08:50;Strada Urbana;VIALE DELLE MILIZIE;all'intersezione semaforizzata con;VIA DAMIATA;VIA DAMIATA;;;Scontro frontale/laterale SX fra veicoli in marcia;Intersezione semaforizzata;Più di due carreggiate;Asciutto;Asfaltata;Verticale ed orizzontale;Sereno;Normale;Buona;Ore Diurne;1;0;0;1;12,46188;41,9121;-1;1;Autovettura pubblica;In marcia / fermata / arresto;Conducente;M;Illeso;0;;;
3357114;17;16/06/2017 08:50;Strada Urbana;VIALE DELLE MILIZIE;all'intersezione semaforizzata con;VIA DAMIATA;VIA DAMIATA;;;Scontro frontale/laterale SX fra veicoli in marcia;Intersezione semaforizzata;Più di due carreggiate;Asciutto;Asfaltata;Verticale ed orizzontale;Sereno;Normale;Buona;Ore Diurne;1;0;0;1;12,46188;41,9121;-1;2;Autovettura privata;In marcia / fermata / arresto;Conducente;F;Rimandato;0;NON DECEDUTO;;
3357189;17;16/06/2017 12:30;Strada Urbana;VIA SOMMACAMPAGNA;all'intersezione con;VIA GAETA;VIA GAETA;;;Scontro laterale fra veicoli in marcia;Incrocio;Una carreggiata a senso unico di marcia;Asciutto;Asfaltata;Verticale ed orizzontale;Sereno;Normale;Buona;Ore Diurne;2;0;0;1;12,50407;41,90598;-1;1;Autovettura di polizia;In marcia / fermata / arresto;Conducente;M;Rimandato;0;NON DECEDUTO;;
3357189;17;16/06/2017 12:30;Strada Urbana;VIA SOMMACAMPAGNA;all'intersezione con;VIA GAETA;VIA GAETA;;;Scontro laterale fra veicoli in marcia;Incrocio;Una carreggiata a senso unico di marcia;Asciutto;Asfaltata;Verticale ed orizzontale;Sereno;Normale;Buona;Ore Diurne;2;0;0;1;12,50407;41,90598;-1;1;Autovettura di polizia;In marcia / fermata / arresto;Passeggero;M;Rimandato;0;NON DECEDUTO;;
3357189;17;16/06/2017 12:30;Strada Urbana;VIA SOMMACAMPAGNA;all'intersezione con;VIA GAETA;VIA GAETA;;;Scontro laterale fra veicoli in marcia;Incrocio;Una carreggiata a senso unico di marcia;Asciutto;Asfaltata;Verticale ed orizzontale;Sereno;Normale;Buona;Ore Diurne;2;0;0;1;12,50407;41,90598;-1;2;Autovettura privata;In marcia / fermata / arresto;Conducente;M;Illeso;0;;;
3357235;17;16/06/2017 17:00;Strada Urbana;LUNGOTEVERE DELLA VITTORIA;all'intersezione semaforizzata con;PIAZZALE MARESCIALLO GIARDINO;PIAZZALE MARESCIALLO GIARDINO;;;Scontro laterale fra veicoli in marcia;Intersezione semaforizzata;Una carreggiata a senso unico di marcia;Asciutto;Asfaltata;Verticale ed orizzontale;Sereno;Normale;Buona;Ore Diurne;0;0;0;3;12,46218;41,92277;-1;1;Autovettura privata;In marcia / fermata / arresto;Conducente;M;Illeso;0;;;
3357235;17;16/06/2017 17:00;Strada Urbana;LUNGOTEVERE DELLA VITTORIA;all'intersezione semaforizzata con;PIAZZALE MARESCIALLO GIARDINO;PIAZZALE MARESCIALLO GIARDINO;;;Scontro laterale fra veicoli in marcia;Intersezione semaforizzata;Una carreggiata a senso unico di marcia;Asciutto;Asfaltata;Verticale ed orizzontale;Sereno;Normale;Buona;Ore Diurne;0;0;0;3;12,46218;41,92277;-1;2;Autovettura privata;In marcia / fermata / arresto;Conducente;F;Illeso;0;;;
3357235;17;16/06/2017 17:00;Strada Urbana;LUNGOTEVERE DELLA VITTORIA;all'intersezione semaforizzata con;PIAZZALE MARESCIALLO GIARDINO;PIAZZALE MARESCIALLO GIARDINO;;;Scontro laterale fra veicoli in marcia;Intersezione semaforizzata;Una carreggiata a senso unico di marcia;Asciutto;Asfaltata;Verticale ed orizzontale;Sereno;Normale;Buona;Ore Diurne;0;0;0;3;12,46218;41,92277;-1;2;Autovettura privata;In marcia / fermata / arresto;Passeggero;M;Illeso;0;;;
3357262;17;16/06/2017 19:00;Strada Urbana;VIALE DEI CAVALIERI DI VITTORIO VENETO;da specificare;;;;seconda curva a scendere;Fuoriuscita dalla sede stradale;Curva senza visuale libera;Due carreggiate;Asciutto;Asfaltata;Orizzontale;Sereno;Normale;Buona;Ore Diurne;0;0;0;1;12,45025;41,92031;0;1;Quadriciclo leggero;In marcia / fermata / arresto;Conducente;M;Illeso;0;;;
3357412;20;16/06/2017 12:35;Strada Urbana;LARGO DI VIGNA STELLUTI;all'intersezione con;VIA CESARE FERRERO DI CAMBIANO;VIA CESARE FERRERO DI CAMBIANO;;;Veicolo in marcia contro veicoli in arresto;Intersezione stradale segnalata;Una carreggiata a doppio senso;Asciutto;Asfaltata;Verticale ed orizzontale;Sereno;Normale;Buona;Ore Diurne;0;0;0;2;12,46617;41,94757;-1;1;Autovettura privata;In marcia / fermata / arresto;Conducente;M;Illeso;0;;Non accertato;Inesploso
3357412;20;16/06/2017 12:35;Strada Urbana;LARGO DI VIGNA STELLUTI;all'intersezione con;VIA CESARE FERRERO DI CAMBIANO;VIA CESARE FERRERO DI CAMBIANO;;;Veicolo in marcia contro veicoli in arresto;Intersezione stradale segnalata;Una carreggiata a doppio senso;Asciutto;Asfaltata;Verticale ed orizzontale;Sereno;Normale;Buona;Ore Diurne;0;0;0;2;12,46617;41,94757;-1;2;Autovettura privata;In marcia / fermata / arresto;Conducente;M;Illeso;0;;;
3357418;15;17/06/2017 13:30;Strada Urbana;VIA DEL TRULLO;da specificare;;;;altezza Via Lamporecchio;Scontro laterale fra veicoli in marcia;Rettilineo;Due carreggiate;Asciutto;Asfaltata;Verticale;Sereno;Normale;Buona;Ore Diurne;1;0;0;1;12,43572;41,84924;-1;1;Autovettura privata;In marcia / fermata / arresto;Conducente;M;Illeso;0;;Non accertato;Inesploso
3357418;15;17/06/2017 13:30;Strada Urbana;VIA DEL TRULLO;da specificare;;;;altezza Via Lamporecchio;Scontro laterale fra veicoli in marcia;Rettilineo;Due carreggiate;Asciutto;Asfaltata;Verticale;Sereno;Normale;Buona;Ore Diurne;1;0;0;1;12,43572;41,84924;-1;2;Motociclo a solo;In marcia / fermata / arresto;Conducente;F;Rimandato;0;NON DECEDUTO;Non accertato;
3357419;20;16/06/2017 15:30;Strada Urbana;VIALE DI TOR DI QUINTO;da specificare;;;;mt. 50 dopo Piazzale di Ponte Milvio dir. G.R.A.;Scontro laterale fra veicoli in marcia;Rettilineo;Una carreggiata a doppio senso;Asciutto;Asfaltata;Orizzontale;Sereno;Intenso;Buona;Ore Diurne;0;0;0;2;12,46784;41,93682;-1;1;Veicolo speciale;In marcia / fermata / arresto;Conducente;M;Illeso;0;;Non accertato;Inesploso
3357419;20;16/06/2017 15:30;Strada Urbana;VIALE DI TOR DI QUINTO;da specificare;;;;mt. 50 dopo Piazzale di Ponte Milvio dir. G.R.A.;Scontro laterale fra veicoli in marcia;Rettilineo;Una carreggiata a doppio senso;Asciutto;Asfaltata;Orizzontale;Sereno;Intenso;Buona;Ore Diurne;0;0;0;2;12,46784;41,93682;-1;2;Autovettura privata;In marcia / fermata / arresto;Conducente;M;Illeso;0;;Non accertato;Inesploso
3357422;2;17/06/2017 12:50;Strada Urbana;PIAZZALE DELLE BELLE ARTI;all'intersezione con;LUNGOTEVERE DELLE NAVI;LUNGOTEVERE DELLE NAVI;;;Scontro laterale fra veicoli in marcia;Incrocio;Una carreggiata a doppio senso;Asciutto;Asfaltata;Verticale ed orizzontale;Sereno;Normale;Buona;Ore Diurne;0;0;0;2;12,47235;41,91882;-1;1;Autovettura privata;In marcia / fermata / arresto;Conducente;M;Illeso;0;;Non accertato;Inesploso
3357422;2;17/06/2017 12:50;Strada Urbana;PIAZZALE DELLE BELLE ARTI;all'intersezione con;LUNGOTEVERE DELLE NAVI;LUNGOTEVERE DELLE NAVI;;;Scontro laterale fra veicoli in marcia;Incrocio;Una carreggiata a doppio senso;Asciutto;Asfaltata;Verticale ed orizzontale;Sereno;Normale;Buona;Ore Diurne;0;0;0;2;12,47235;41,91882;-1;2;Autovettura privata;In marcia / fermata / arresto;Conducente;M;Illeso;0;;Non accertato;Inesploso
3357429;20;15/06/2017 16:15;Regionale entro l'abitato;VIA CASSIA;in prossimità;;del civico n.;923;;Scontro laterale fra veicoli in marcia;Rettilineo;Una carreggiata a doppio senso;Asciutto;Asfaltata;Verticale ed orizzontale;Sereno;Normale;Buona;Ore Diurne;0;0;0;2;12,43385;41,97155;-1;1;Autovettura privata;In marcia / fermata / arresto;Conducente;M;Illeso;0;;Non accertato;Inesploso
3357429;20;15/06/2017 16:15;Regionale entro l'abitato;VIA CASSIA;in prossimità;;del civico n.;923;;Scontro laterale fra veicoli in marcia;Rettilineo;Una carreggiata a doppio senso;Asciutto;Asfaltata;Verticale ed orizzontale;Sereno;Normale;Buona;Ore Diurne;0;0;0;2;12,43385;41,97155;-1;2;Motociclo a solo;In marcia / fermata / arresto;Conducente;M;Illeso;0;;Non accertato;
3357436;20;16/06/2017 18:00;Strada Urbana;VIA DI VALLE MURICANA;in prossimità;;del civico n.;415;;Tamponamento;Rettilineo;Una carreggiata a doppio senso;Asciutto;Asfaltata;Orizzontale;Sereno;Normale;Buona;Ore Diurne;1;0;0;1;12,47078;42,01963;-1;1;Autovettura privata;In marcia / fermata / arresto;Conducente;M;Illeso;0;;Non accertato;Inesploso
3357436;20;16/06/2017 18:00;Strada Urbana;VIA DI VALLE MURICANA;in prossimità;;del civico n.;415;;Tamponamento;Rettilineo;Una carreggiata a doppio senso;Asciutto;Asfaltata;Orizzontale;Sereno;Normale;Buona;Ore Diurne;1;0;0;1;12,47078;42,01963;-1;2;Motociclo a solo;In marcia / fermata / arresto;Conducente;M;Rimandato;0;NON DECEDUTO;Non accertato;
3357489;20;16/06/2017 20:20;Provinciale;VIA FORMELLESE;in prossimità;;del civico n.;50;;Scontro frontale/laterale SX fra veicoli in marcia;Curva senza visuale libera;Una carreggiata a doppio senso;Asciutto;Asfaltata;Orizzontale;Sereno;Normale;Buona;Ore Diurne;0;0;0;3;12,37559;42,02812;-1;1;Autovettura privata;In marcia / fermata / arresto;Conducente;M;Illeso;0;;Utilizzato;Inesploso
3357489;20;16/06/2017 20:20;Provinciale;VIA FORMELLESE;in prossimità;;del civico n.;50;;Scontro frontale/laterale SX fra veicoli in marcia;Curva senza visuale libera;Una carreggiata a doppio senso;Asciutto;Asfaltata;Orizzontale;Sereno;Normale;Buona;Ore Diurne;0;0;0;3;12,37559;42,02812;-1;1;Autovettura privata;In marcia / fermata / arresto;Passeggero;F;Illeso;0;;Utilizzato;Inesploso
3357489;20;16/06/2017 20:20;Provinciale;VIA FORMELLESE;in prossimità;;del civico n.;50;;Scontro frontale/laterale SX fra veicoli in marcia;Curva senza visuale libera;Una carreggiata a doppio senso;Asciutto;Asfaltata;Orizzontale;Sereno;Normale;Buona;Ore Diurne;0;0;0;3;12,37559;42,02812;-1;2;Quadriciclo leggero;In marcia / fermata / arresto;Conducente;M;Illeso;0;;Non accertato;Inesistente
3357501;12;16/06/2017 15:05;Strada Urbana;VIA DELLA CECCHIGNOLA;all'intersezione con;VIA DEL CASALE ZOLA;VIA DEL CASALE ZOLA;;;Scontro frontale/laterale DX fra veicoli in marcia;Incrocio;Una carreggiata a doppio senso;Asciutto;Asfaltata;Orizzontale;Sereno;Normale;Buona;Ore Diurne;1;0;0;2;12,51638;41,82157;-1;1;Motociclo con passeggero;In marcia / fermata / arresto;Conducente;M;Rimandato;0;NON DECEDUTO;Utilizzato;
3357501;12;16/06/2017 15:05;Strada Urbana;VIA DELLA CECCHIGNOLA;all'intersezione con;VIA DEL CASALE ZOLA;VIA DEL CASALE ZOLA;;;Scontro frontale/laterale DX fra veicoli in marcia;Incrocio;Una carreggiata a doppio senso;Asciutto;Asfaltata;Orizzontale;Sereno;Normale;Buona;Ore Diurne;1;0;0;2;12,51638;41,82157;-1;2;Autovettura privata;In marcia / fermata / arresto;Conducente;M;Illeso;0;;Non accertato;Inesploso
3357501;12;16/06/2017 15:05;Strada Urbana;VIA DELLA CECCHIGNOLA;all'intersezione con;VIA DEL CASALE ZOLA;VIA DEL CASALE ZOLA;;;Scontro frontale/laterale DX fra veicoli in marcia;Incrocio;Una carreggiata a doppio senso;Asciutto;Asfaltata;Orizzontale;Sereno;Normale;Buona;Ore Diurne;1;0;0;2;12,51638;41,82157;-1;2;Autovettura privata;In marcia / fermata / arresto;Passeggero;M;Illeso;0;;Non accertato;Inesploso
3357509;20;17/06/2017 01:45;Strada Urbana;LUNGOTEVERE GRANDE A.GLIO THAON DI REVEL;all'intersezione semaforizzata con;PONTE DUCA D'AOSTA;PONTE DUCA D'AOSTA;;;Investimento di pedone;Intersezione semaforizzata;Due carreggiate;Asciutto;Asfaltata;Verticale ed orizzontale;Sereno;Normale;Buona;Sufficiente;1;0;0;1;12,46213;41,93055;-1;;;;Pedone;M;Rimandato;0;NON DECEDUTO;;
3357509;20;17/06/2017 01:45;Strada Urbana;LUNGOTEVERE GRANDE A.GLIO THAON DI REVEL;all'intersezione semaforizzata con;PONTE DUCA D'AOSTA;PONTE DUCA D'AOSTA;;;Investimento di pedone;Intersezione semaforizzata;Due carreggiate;Asciutto;Asfaltata;Verticale ed orizzontale;Sereno;Normale;Buona;Sufficiente;1;0;0;1;12,46213;41,93055;-1;1;Autovettura privata;In marcia / fermata / arresto;Conducente;M;Illeso;0;;Non accertato;Inesploso
3357525;2;17/06/2017 15:10;Strada Urbana;VIALE DEL MURO TORTO;da specificare;;;;dir. P.le Brasile alt. palo Luce n° 2;Veicolo in marcia contro ostacolo fisso;Rettilineo;Due carreggiate;Asciutto;Asfaltata;Verticale ed orizzontale;Sereno;Normale;Buona;Ore Diurne;0;0;0;1;12,4817;41,91072;-1;1;Autovettura privata;In marcia / fermata / arresto;Conducente;M;Illeso;0;;Non accertato;Inesploso
3357586;15;17/06/2017 17:00;Strada Urbana;VIA FULDA;da specificare;;;;prox civico 27 e Via dell' Oratorio Damasiano;Veicolo in marcia contro ostacolo fisso;Rettilineo;Una carreggiata a doppio senso;Asciutto;Strada pavimentata dissestata;Verticale;Sereno;Scarso;Buona;Ore Diurne;0;0;0;1;12,42887;41,836;-1;1;Autovettura privata;In marcia / fermata / arresto;Conducente;M;Illeso;0;;Non accertato;Inesploso
3357629;19;17/06/2017 15:15;Strada Urbana;VIA DI TORREVECCHIA;in prossimità;;del civico n.;108;;Scontro frontale/laterale DX fra veicoli in marcia;Rettilineo;Una carreggiata a doppio senso;Asciutto;Asfaltata;Orizzontale;Sereno;Normale;Buona;Ore Diurne;2;0;0;0;12,42009;41,93414;-1;1;Motociclo a solo;In marcia / fermata / arresto;Conducente;M;Rimandato;0;NON DECEDUTO;Non accertato;
3357629;19;17/06/2017 15:15;Strada Urbana;VIA DI TORREVECCHIA;in prossimità;;del civico n.;108;;Scontro frontale/laterale DX fra veicoli in marcia;Rettilineo;Una carreggiata a doppio senso;Asciutto;Asfaltata;Orizzontale;Sereno;Normale;Buona;Ore Diurne;2;0;0;0;12,42009;41,93414;-1;2;Autovettura privata;In marcia / fermata / arresto;Conducente;M;Rifiuta cure immediate;0;NON DECEDUTO;Non accertato;Inesploso
3357638;6;17/06/2017 18:30;Strada Urbana;VIA SALVATORE TALAMO;all'intersezione con;VIA HERBERT SPENCER;VIA HERBERT SPENCER;;;Scontro frontale/laterale DX fra veicoli in marcia;Intersezione stradale segnalata;Una carreggiata a doppio senso;Asciutto;Asfaltata;Verticale;Sereno;Normale;Buona;Ore Diurne;0;0;0;2;12,5625;41,90048;-1;1;Autovettura privata;In marcia / fermata / arresto;Conducente;M;Illeso;0;;Non accertato;Inesploso
3357638;6;17/06/2017 18:30;Strada Urbana;VIA SALVATORE TALAMO;all'intersezione con;VIA HERBERT SPENCER;VIA HERBERT SPENCER;;;Scontro frontale/laterale DX fra veicoli in marcia;Intersezione stradale segnalata;Una carreggiata a doppio senso;Asciutto;Asfaltata;Verticale;Sereno;Normale;Buona;Ore Diurne;0;0;0;2;12,5625;41,90048;-1;2;Autovettura privata;In marcia / fermata / arresto;Conducente;M;Illeso;0;;Non accertato;Inesistente
3357666;2;17/06/2017 15:00;Strada Urbana;VIALE BRUNO BUOZZI;in corrispondenza;;del civico n.;30/a;;Veicolo in marcia contro veicolo in sosta;Rettilineo;Una carreggiata a doppio senso;Asciutto;Asfaltata;Verticale ed orizzontale;Sereno;Normale;Buona;Ore Diurne;0;0;0;1;12,48629;41,92168;-1;1;Quadriciclo leggero;In marcia / fermata / arresto;Conducente;F;Illeso;0;;;
3357750;7;16/06/2017 09:00;Strada Urbana;VIA PAPIRIA;all'intersezione con;VIALE MARCO FULVIO NOBILIORE;VIALE MARCO FULVIO NOBILIORE;;;Scontro frontale/laterale SX fra veicoli in marcia;Incrocio;Una carreggiata a doppio senso;Asciutto;Asfaltata;Verticale ed orizzontale;Sereno;Normale;Buona;Ore Diurne;1;0;0;1;12,5672;41,86242;-1;1;Motociclo con passeggero;In marcia / fermata / arresto;Conducente;F;Rimandato;0;NON DECEDUTO;Non accertato;
3357750;7;16/06/2017 09:00;Strada Urbana;VIA PAPIRIA;all'intersezione con;VIALE MARCO FULVIO NOBILIORE;VIALE MARCO FULVIO NOBILIORE;;;Scontro frontale/laterale SX fra veicoli in marcia;Incrocio;Una carreggiata a doppio senso;Asciutto;Asfaltata;Verticale ed orizzontale;Sereno;Normale;Buona;Ore Diurne;1;0;0;1;12,5672;41,86242;-1;2;Autovettura privata;In marcia / fermata / arresto;Conducente;M;Illeso;0;;Non accertato;Inesploso