Protocollo;Gruppo;DataOraIncidente;Localizzazione1;STRADA1;Localizzazione2;STRADA2;Strada02;Chilometrica;DaSpecificare;NaturaIncidente;particolaritastrade;TipoStrada;FondoStradale;Pavimentazione;Segnaletica;CondizioneAtmosferica;Traffico;Visibilita;Illuminazione;NUM_FERITI;NUM_RISERVATA;NUM_MORTI;NUM_ILLESI;Longitudine;Latitudine;Confermato;Progressivo;TipoVeicolo;StatoVeicolo;TipoPersona;Sesso;Tipolesione;Deceduto;DecedutoDopo;CinturaCascoUtilizzato;Airbag
3358768;15;18/06/2017 18:00;Strada Urbana;VIA DELL'ORATORIO DAMASIANO;in prossimità;;del civico n.;15;;Scontro laterale fra veicoli in marcia;Rettilineo;Una carreggiata a doppio senso;Asciutto;Asfaltata;Verticale ed orizzontale;Sereno;Scarso;Buona;Ore Diurne;0;0;0;6;12,42797;41,8367;-1;2;Autovettura privata;In marcia / fermata / arresto;Passeggero;F;Illeso;0;;Utilizzato;Inesploso
3358776;15;18/06/2017 19:40;Strada Urbana;VIA DEL TRULLO;all'intersezione con;VIA DEL TEMPIO DEGLI ARVALI;VIA DEL TEMPIO DEGLI ARVALI;;;Scontro laterale fra veicoli in marcia;Incrocio;Una carreggiata a doppio senso;Asciutto;Asfaltata;Verticale ed orizzontale;Sereno;Scarso;Buona;Ore Diurne;0;0;0;8;12,43679;41,84304;-1;1;Autovettura privata;In marcia / fermata / arresto;Conducente;M;Illeso;0;;Utilizzato;
3358776;15;18/06/2017 19:40;Strada Urbana;VIA DEL TRULLO;all'intersezione con;VIA DEL TEMPIO DEGLI ARVALI;VIA DEL TEMPIO DEGLI ARVALI;;;Scontro laterale fra veicoli in marcia;Incrocio;Una carreggiata a doppio senso;Asciutto;Asfaltata;Verticale ed orizzontale;Sereno;Scarso;Buona;Ore Diurne;0;0;0;8;12,43679;41,84304;-1;1;Autovettura privata;In marcia / fermata / arresto;Passeggero;M;Illeso;0;;Utilizzato;
3358776;15;18/06/2017 19:40;Strada Urbana;VIA DEL TRULLO;all'intersezione con;VIA DEL TEMPIO DEGLI ARVALI;VIA DEL TEMPIO DEGLI ARVALI;;;Scontro laterale fra veicoli in marcia;Incrocio;Una carreggiata a doppio senso;Asciutto;Asfaltata;Verticale ed orizzontale;Sereno;Scarso;Buona;Ore Diurne;0;0;0;8;12,43679;41,84304;-1;1;Autovettura privata;In marcia / fermata / arresto;Passeggero;M;Illeso;0;;Utilizzato;
3358776;15;18/06/2017 19:40;Strada Urbana;VIA DEL TRULLO;all'intersezione con;VIA DEL TEMPIO DEGLI ARVALI;VIA DEL TEMPIO DEGLI ARVALI;;;Scontro laterale fra veicoli in marcia;Incrocio;Una carreggiata a doppio senso;Asciutto;Asfaltata;Verticale ed orizzontale;Sereno;Scarso;Buona;Ore Diurne;0;0;0;8;12,43679;41,84304;-1;1;Autovettura privata;In marcia / fermata / arresto;Passeggero;F;Illeso;0;;Utilizzato;
3358776;15;18/06/2017 19:40;Strada Urbana;VIA DEL TRULLO;all'intersezione con;VIA DEL TEMPIO DEGLI ARVALI;VIA DEL TEMPIO DEGLI ARVALI;;;Scontro laterale fra veicoli in marcia;Incrocio;Una carreggiata a doppio senso;Asciutto;Asfaltata;Verticale ed orizzontale;Sereno;Scarso;Buona;Ore Diurne;0;0;0;8;12,43679;41,84304;-1;2;Autovettura privata;In marcia / fermata / arresto;Conducente;M;Illeso;0;;Utilizzato;
3358776;15;18/06/2017 19:40;Strada Urbana;VIA DEL TRULLO;all'intersezione con;VIA DEL TEMPIO DEGLI ARVALI;VIA DEL TEMPIO DEGLI ARVALI;;;Scontro laterale fra veicoli in marcia;Incrocio;Una carreggiata a doppio senso;Asciutto;Asfaltata;Verticale ed orizzontale;Sereno;Scarso;Buona;Ore Diurne;0;0;0;8;12,43679;41,84304;-1;2;Autovettura privata;In marcia / fermata / arresto;Passeggero;F;Illeso;0;;Utilizzato;
3358776;15;18/06/2017 19:40;Strada Urbana;VIA DEL TRULLO;all'intersezione con;VIA DEL TEMPIO DEGLI ARVALI;VIA DEL TEMPIO DEGLI ARVALI;;;Scontro laterale fra veicoli in marcia;Incrocio;Una carreggiata a doppio senso;Asciutto;Asfaltata;Verticale ed orizzontale;Sereno;Scarso;Buona;Ore Diurne;0;0;0;8;12,43679;41,84304;-1;2;Autovettura privata;In marcia / fermata / arresto;Passeggero;F;Illeso;0;;Utilizzato;
3358776;15;18/06/2017 19:40;Strada Urbana;VIA DEL TRULLO;all'intersezione con;VIA DEL TEMPIO DEGLI ARVALI;VIA DEL TEMPIO DEGLI ARVALI;;;Scontro laterale fra veicoli in marcia;Incrocio;Una carreggiata a doppio senso;Asciutto;Asfaltata;Verticale ed orizzontale;Sereno;Scarso;Buona;Ore Diurne;0;0;0;8;12,43679;41,84304;-1;2;Autovettura privata;In marcia / fermata / arresto;Passeggero;F;Illeso;0;;Utilizzato;
3358793;1;18/06/2017 03:40;Strada Urbana;LUNGOTEVERE DELLA FARNESINA;in prossimità;;del civico n.;9;;Veicolo in marcia contro veicolo in sosta;Rettilineo;Una carreggiata a senso unico di marcia;Asciutto;Asfaltata;Verticale ed orizzontale;Sereno;Scarso;Sufficiente;Sufficiente;0;0;0;1;12,46636;41,89496;-1;1;Autovettura privata;In marcia / fermata / arresto;Conducente;M;Illeso;0;;Non accertato;Inesploso
3358797;1;18/06/2017 16:45;Strada Urbana;VIALE CARLO FELICE;in prossimità;;del civico n.;79;;Tamponamento;Rettilineo;Più di due carreggiate;Asciutto;Asfaltata;Verticale ed orizzontale;Sereno;Normale;Buona;Ore Diurne;4;0;0;2;12,51143;41,88746;-1;1;Autovettura privata;In marcia / fermata / arresto;Conducente;F;Rimandato;0;NON DECEDUTO;Non accertato;Inesploso
3358797;1;18/06/2017 16:45;Strada Urbana;VIALE CARLO FELICE;in prossimità;;del civico n.;79;;Tamponamento;Rettilineo;Più di due carreggiate;Asciutto;Asfaltata;Verticale ed orizzontale;Sereno;Normale;Buona;Ore Diurne;4;0;0;2;12,51143;41,88746;-1;1;Autovettura privata;In marcia / fermata / arresto;Passeggero;M;Rimandato;0;NON DECEDUTO;Non accertato;Inesploso
3358797;1;18/06/2017 16:45;Strada Urbana;VIALE CARLO FELICE;in prossimità;;del civico n.;79;;Tamponamento;Rettilineo;Più di due carreggiate;Asciutto;Asfaltata;Verticale ed orizzontale;Sereno;Normale;Buona;Ore Diurne;4;0;0;2;12,51143;41,88746;-1;1;Autovettura privata;In marcia / fermata / arresto;Passeggero;M;Illeso;0;;;
3358797;1;18/06/2017 16:45;Strada Urbana;VIALE CARLO FELICE;in prossimità;;del civico n.;79;;Tamponamento;Rettilineo;Più di due carreggiate;Asciutto;Asfaltata;Verticale ed orizzontale;Sereno;Normale;Buona;Ore Diurne;4;0;0;2;12,51143;41,88746;-1;1;Autovettura privata;In marcia / fermata / arresto;Passeggero;M;Rimandato;0;NON DECEDUTO;Non accertato;Inesistente
3358797;1;18/06/2017 16:45;Strada Urbana;VIALE CARLO FELICE;in prossimità;;del civico n.;79;;Tamponamento;Rettilineo;Più di due carreggiate;Asciutto;Asfaltata;Verticale ed orizzontale;Sereno;Normale;Buona;Ore Diurne;4;0;0;2;12,51143;41,88746;-1;1;Autovettura privata;In marcia / fermata / arresto;Passeggero;M;Illeso;0;;Non accertato;Inesistente
3358797;1;18/06/2017 16:45;Strada Urbana;VIALE CARLO FELICE;in prossimità;;del civico n.;79;;Tamponamento;Rettilineo;Più di due carreggiate;Asciutto;Asfaltata;Verticale ed orizzontale;Sereno;Normale;Buona;Ore Diurne;4;0;0;2;12,51143;41,88746;-1;2;Autovettura privata;In marcia / fermata / arresto;Conducente;M;Rimandato;0;NON DECEDUTO;;
3358801;1;17/06/2017 20:00;Strada Urbana;VIA LUIGI PETROSELLI;da specificare;;;;altezza VIA DELLA MISERICORDIA;Tamponamento;Rettilineo;Una carreggiata a doppio senso;Asciutto;In cubetti di porfido;Verticale ed orizzontale;Sereno;Normale;Buona;Ore Diurne;1;0;0;2;12,48106;41,88984;-1;1;Autovettura privata;In marcia / fermata / arresto;Conducente;F;Illeso;0;;Non accertato;Inesploso
3358801;1;17/06/2017 20:00;Strada Urbana;VIA LUIGI PETROSELLI;da specificare;;;;altezza VIA DELLA MISERICORDIA;Tamponamento;Rettilineo;Una carreggiata a doppio senso;Asciutto;In cubetti di porfido;Verticale ed orizzontale;Sereno;Normale;Buona;Ore Diurne;1;0;0;2;12,48106;41,88984;-1;2;Ciclomotore con passeggero;In marcia / fermata / arresto;Conducente;F;Rimandato;0;NON DECEDUTO;Non accertato;
3358801;1;17/06/2017 20:00;Strada Urbana;VIA LUIGI PETROSELLI;da specificare;;;;altezza VIA DELLA MISERICORDIA;Tamponamento;Rettilineo;Una carreggiata a doppio senso;Asciutto;In cubetti di porfido;Verticale ed orizzontale;Sereno;Normale;Buona;Ore Diurne;1;0;0;2;12,48106;41,88984;-1;2;Ciclomotore con passeggero;In marcia / fermata / arresto;Passeggero;M;Illeso;0;;Utilizzato;
3358802;1;17/06/2017 02:30;Strada Urbana;VIA GREGORIO VII;in prossimità;;del civico n.;61;;Tamponamento;Rettilineo;Più di due carreggiate;Asciutto;Asfaltata;Verticale ed orizzontale;Sereno;Scarso;Buona;Sufficiente;1;0;0;1;12,45045;41,89742;-1;1;Autovettura privata;In marcia / fermata / arresto;Conducente;M;Rimandato;0;NON DECEDUTO;Non accertato;
3358802;1;17/06/2017 02:30;Strada Urbana;VIA GREGORIO VII;in prossimità;;del civico n.;61;;Tamponamento;Rettilineo;Più di due carreggiate;Asciutto;Asfaltata;Verticale ed orizzontale;Sereno;Scarso;Buona;Sufficiente;1;0;0;1;12,45045;41,89742;-1;2;Autovettura privata;In marcia / fermata / arresto;Conducente;M;Illeso;0;;Non accertato;Esploso
3358804;1;17/06/2017 16:40;Strada Urbana;PIAZZA DI PORTA PORTESE;all'intersezione con;PONTE SUBLICIO;PONTE SUBLICIO;;;Veicolo in marcia contro ostacolo accidentale;Incrocio;Una carreggiata a doppio senso;Viscido da liquidi oleosi;Asfaltata;Assente;Sereno;Normale;Buona;Ore Diurne;1;0;0;1;12,47424;41,88397;-1;1;Motociclo con passeggero;In marcia / fermata / arresto;Conducente;M;Rimandato;0;NON DECEDUTO;Non accertato;
3358804;1;17/06/2017 16:40;Strada Urbana;PIAZZA DI PORTA PORTESE;all'intersezione con;PONTE SUBLICIO;PONTE SUBLICIO;;;Veicolo in marcia contro ostacolo accidentale;Incrocio;Una carreggiata a doppio senso;Viscido da liquidi oleosi;Asfaltata;Assente;Sereno;Normale;Buona;Ore Diurne;1;0;0;1;12,47424;41,88397;-1;1;Motociclo con passeggero;In marcia / fermata / arresto;Passeggero;M;Illeso;0;;Non accertato;
3358805;1;16/06/2017 11:00;Strada Urbana;VIA EMANUELE FILIBERTO;da specificare;;;;in prossimià VIA GALILEI;Scontro frontale/laterale DX fra veicoli in marcia;Rettilineo;Una carreggiata a doppio senso;Asciutto;Asfaltata;Verticale ed orizzontale;Sereno;Intenso;Buona;Ore Diurne;1;0;0;2;12,50627;41,89123;-1;1;Autovettura privata;In marcia / fermata / arresto;Conducente;F;Illeso;0;;;
3358805;1;16/06/2017 11:00;Strada Urbana;VIA EMANUELE FILIBERTO;da specificare;;;;in prossimià VIA GALILEI;Scontro frontale/laterale DX fra veicoli in marcia;Rettilineo;Una carreggiata a doppio senso;Asciutto;Asfaltata;Verticale ed orizzontale;Sereno;Intenso;Buona;Ore Diurne;1;0;0;2;12,50627;41,89123;-1;1;Autovettura privata;In marcia / fermata / arresto;Passeggero;M;Illeso;0;;;
3358805;1;16/06/2017 11:00;Strada Urbana;VIA EMANUELE FILIBERTO;da specificare;;;;in prossimià VIA GALILEI;Scontro frontale/laterale DX fra veicoli in marcia;Rettilineo;Una carreggiata a doppio senso;Asciutto;Asfaltata;Verticale ed orizzontale;Sereno;Intenso;Buona;Ore Diurne;1;0;0;2;12,50627;41,89123;-1;2;Motociclo a solo;In marcia / fermata / arresto;Conducente;M;Rimandato;0;NON DECEDUTO;;
3358807;1;16/06/2017 12:10;Strada Urbana;PIAZZA DI S. CROCE IN GERUSALEMME;in prossimità;;del civico n.;2;;Investimento di pedone;Rettilineo;Più di due carreggiate;Asciutto;Asfaltata;Verticale ed orizzontale;Sereno;Normale;Buona;Ore Diurne;1;0;0;1;12,51444;41,88871;-1;;;;Pedone;M;Rimandato;0;NON DECEDUTO;;
3358807;1;16/06/2017 12:10;Strada Urbana;PIAZZA DI S. CROCE IN GERUSALEMME;in prossimità;;del civico n.;2;;Investimento di pedone;Rettilineo;Più di due carreggiate;Asciutto;Asfaltata;Verticale ed orizzontale;Sereno;Normale;Buona;Ore Diurne;1;0;0;1;12,51444;41,88871;-1;1;Autovettura privata;In marcia / fermata / arresto;Conducente;M;Illeso;0;;Non accertato;Inesploso
3358808;1;16/06/2017 18:10;Strada Urbana;VIA DI S. GREGORIO;in prossimità;;del palo luce n.;26;;Infortunio per caduta del veicolo;Rettilineo;Due carreggiate;Viscido da liquidi oleosi;Acciotolata;Verticale ed orizzontale;Sereno;Normale;Buona;Ore Diurne;1;0;0;0;12,48964;41,88646;-1;1;Motociclo a solo;In marcia / fermata / arresto;Conducente;M;Rifiuta cure immediate;0;NON DECEDUTO;;
3358809;1;16/06/2017 12:05;Strada Urbana;VIA GIOVANNI BRANCA;all'intersezione con;VIA ROMOLO GESSI;VIA ROMOLO GESSI;;;Scontro frontale/laterale SX fra veicoli in marcia;Intersezione stradale segnalata;Una carreggiata a senso unico di marcia;Asciutto;Asfaltata;Verticale ed orizzontale;Sereno;Normale;Buona;Ore Diurne;1;0;0;1;12,47562;41,88089;-1;1;Autovettura privata;In marcia / fermata / arresto;Conducente;M;Illeso;0;;;
3358809;1;16/06/2017 12:05;Strada Urbana;VIA GIOVANNI BRANCA;all'intersezione con;VIA ROMOLO GESSI;VIA ROMOLO GESSI;;;Scontro frontale/laterale SX fra veicoli in marcia;Intersezione stradale segnalata;Una carreggiata a senso unico di marcia;Asciutto;Asfaltata;Verticale ed orizzontale;Sereno;Normale;Buona;Ore Diurne;1;0;0;1;12,47562;41,88089;-1;2;Autovettura privata;In marcia / fermata / arresto;Conducente;F;Rimandato;0;NON DECEDUTO;;
3358810;1;15/06/2017 10:10;Strada Urbana;LUNGOTEVERE DEGLI ALTOVITI;all'intersezione con;VIA PAOLA;VIA PAOLA;;;Infortunio per sola frenata improvvisa;Incrocio;Una carreggiata a senso unico di marcia;Asciutto;Asfaltata;Orizzontale;Sereno;Intenso;Buona;Ore Diurne;1;0;0;2;12,46552;41,90108;-1;1;Autocarro superiore 35 q.;In marcia / fermata / arresto;Conducente;M;Illeso;0;;Non accertato;
3358810;1;15/06/2017 10:10;Strada Urbana;LUNGOTEVERE DEGLI ALTOVITI;all'intersezione con;VIA PAOLA;VIA PAOLA;;;Infortunio per sola frenata improvvisa;Incrocio;Una carreggiata a senso unico di marcia;Asciutto;Asfaltata;Orizzontale;Sereno;Intenso;Buona;Ore Diurne;1;0;0;2;12,46552;41,90108;-1;2;Motociclo con passeggero;In marcia / fermata / arresto;Conducente;F;Rimandato;0;NON DECEDUTO;Non accertato;
3358810;1;15/06/2017 10:10;Strada Urbana;LUNGOTEVERE DEGLI ALTOVITI;all'intersezione con;VIA PAOLA;VIA PAOLA;;;Infortunio per sola frenata improvvisa;Incrocio;Una carreggiata a senso unico di marcia;Asciutto;Asfaltata;Orizzontale;Sereno;Intenso;Buona;Ore Diurne;1;0;0;2;12,46552;41,90108;-1;2;Motociclo con passeggero;In marcia / fermata / arresto;Passeggero;F;Illeso;0;;Non accertato;
3358811;1;18/06/2017 04:20;Strada Urbana;PIAZZA ADRIANA;da specificare;;;;in prossimità VIA VIRGILIO;Scontro laterale fra veicoli in marcia;Curva senza visuale libera;Una carreggiata a senso unico di marcia;Asciutto;Asfaltata;Verticale ed orizzontale;Sereno;Normale;Sufficiente;Sufficiente;0;0;0;2;12,46731;41,90467;-1;1;Autovettura privata;In marcia / fermata / arresto;Conducente;M;Illeso;0;;;
3358811;1;18/06/2017 04:20;Strada Urbana;PIAZZA ADRIANA;da specificare;;;;in prossimità VIA VIRGILIO;Scontro laterale fra veicoli in marcia;Curva senza visuale libera;Una carreggiata a senso unico di marcia;Asciutto;Asfaltata;Verticale ed orizzontale;Sereno;Normale;Sufficiente;Sufficiente;0;0;0;2;12,46731;41,90467;-1;1;Autovettura privata;In marcia / fermata / arresto;Passeggero;M;Illeso;0;;;
3358814;1;18/06/2017 12:20;Strada Urbana;VIA MERULANA;in prossimità;;del civico n.;245;;Veicolo in marcia contro ostacolo accidentale;Rettilineo;Una carreggiata a doppio senso;Asciutto;Asfaltata;Verticale ed orizzontale;Sereno;Scarso;Buona;Ore Diurne;1;0;0;1;12,50027;41,89412;-1;1;Motociclo con passeggero;In marcia / fermata / arresto;Conducente;M;Illeso;0;;;
3358814;1;18/06/2017 12:20;Strada Urbana;VIA MERULANA;in prossimità;;del civico n.;245;;Veicolo in marcia contro ostacolo accidentale;Rettilineo;Una carreggiata a doppio senso;Asciutto;Asfaltata;Verticale ed orizzontale;Sereno;Scarso;Buona;Ore Diurne;1;0;0;1;12,50027;41,89412;-1;1;Motociclo con passeggero;In marcia / fermata / arresto;Passeggero;F;Rimandato;0;NON DECEDUTO;Utilizzato;
3358817;1;15/06/2017 19:20;Strada Urbana;PIAZZA VENEZIA;all'intersezione con;VIA CESARE BATTISTI;VIA CESARE BATTISTI;;;Infortunio per sola frenata improvvisa;Intersezione non regolata/non segnalata;Una carreggiata a doppio senso;Asciutto;In cubetti di porfido;Verticale ed orizzontale;Sereno;Intenso;Buona;Ore Diurne;0;0;0;2;12,48258;41,89633;-1;1;Motociclo a solo;In marcia / fermata / arresto;Conducente;M;Illeso;0;;Non accertato;
3358817;1;15/06/2017 19:20;Strada Urbana;PIAZZA VENEZIA;all'intersezione con;VIA CESARE BATTISTI;VIA CESARE BATTISTI;;;Infortunio per sola frenata improvvisa;Intersezione non regolata/non segnalata;Una carreggiata a doppio senso;Asciutto;In cubetti di porfido;Verticale ed orizzontale;Sereno;Intenso;Buona;Ore Diurne;0;0;0;2;12,48258;41,89633;-1;2;Autovettura privata;In marcia / fermata / arresto;Conducente;M;Illeso;0;;Non accertato;Inesploso
3358818;1;13/06/2017 19:00;Strada Urbana;VIA DEL PLEBISCITO;in prossimità;;del civico n.;103;;Scontro laterale fra veicoli in marcia;Rettilineo;Una carreggiata a senso unico di marcia;Asciutto;Asfaltata;Verticale ed orizzontale;Sereno;Normale;Buona;Ore Diurne;0;0;0;2;12,48087;41,89645;-1;1;Autovettura privata;In marcia / fermata / arresto;Conducente;F;Illeso;0;;;
3358818;1;13/06/2017 19:00;Strada Urbana;VIA DEL PLEBISCITO;in prossimità;;del civico n.;103;;Scontro laterale fra veicoli in marcia;Rettilineo;Una carreggiata a senso unico di marcia;Asciutto;Asfaltata;Verticale ed orizzontale;Sereno;Normale;Buona;Ore Diurne;0;0;0;2;12,48087;41,89645;-1;2;Motociclo a solo;In marcia / fermata / arresto;Conducente;M;Illeso;0;;;
3358840;9;17/06/2017 12:30;Strada Urbana;PIAZZA TUSCOLO;da specificare;;;;.;Scontro frontale/laterale DX fra veicoli in marcia;Rettilineo;Una carreggiata a senso unico di marcia;Asciutto;Asfaltata;Verticale ed orizzontale;Sereno;Intenso;Buona;Ore Diurne;1;0;0;1;12,50857;41,88032;-1;1;Autovettura privata;In marcia / fermata / arresto;Conducente;F;Illeso;0;;Non accertato;Inesploso
3358840;9;17/06/2017 12:30;Strada Urbana;PIAZZA TUSCOLO;da specificare;;;;.;Scontro frontale/laterale DX fra veicoli in marcia;Rettilineo;Una carreggiata a senso unico di marcia;Asciutto;Asfaltata;Verticale ed orizzontale;Sereno;Intenso;Buona;Ore Diurne;1;0;0;1;12,50857;41,88032;-1;2;Motociclo a solo;In marcia / fermata / arresto;Conducente;M;Rimandato;0;NON DECEDUTO;Non accertato;
3358987;11;18/06/2017 10:00;Strada Urbana;VIALE CARLO TOMMASO ODESCALCHI;da specificare;;;;altezza civico 67;Investimento di pedone;Rettilineo;Due carreggiate;Asciutto;Asfaltata;Verticale;Sereno;Scarso;Buona;Ore Diurne;1;0;0;2;12,50077;41,85581;-1;;;;Pedone;F;Rimandato;0;NON DECEDUTO;;
3358987;11;18/06/2017 10:00;Strada Urbana;VIALE CARLO TOMMASO ODESCALCHI;da specificare;;;;altezza civico 67;Investimento di pedone;Rettilineo;Due carreggiate;Asciutto;Asfaltata;Verticale;Sereno;Scarso;Buona;Ore Diurne;1;0;0;2;12,50077;41,85581;-1;1;Autovettura privata;In marcia / fermata / arresto;Conducente;M;Illeso;0;;;
3358987;11;18/06/2017 10:00;Strada Urbana;VIALE CARLO TOMMASO ODESCALCHI;da specificare;;;;altezza civico 67;Investimento di pedone;Rettilineo;Due carreggiate;Asciutto;Asfaltata;Verticale;Sereno;Scarso;Buona;Ore Diurne;1;0;0;2;12,50077;41,85581;-1;1;Autovettura privata;In marcia / fermata / arresto;Passeggero;F;Illeso;0;;;
3359011;5;16/06/2017 14:00;Strada Urbana;VIA TIBURTINA;in prossimità;;del civico n.;627 A;;Tamponamento;Rettilineo;Due carreggiate;Asciutto;Asfaltata;Verticale ed orizzontale;Sereno;Normale;Buona;Ore Diurne;0;0;0;2;12,54639;41,9093;-1;1;Autovettura privata;In marcia / fermata / arresto;Conducente;F;Illeso;0;;Non accertato;
3359011;5;16/06/2017 14:00;Strada Urbana;VIA TIBURTINA;in prossimità;;del civico n.;627 A;;Tamponamento;Rettilineo;Due carreggiate;Asciutto;Asfaltata;Verticale ed orizzontale;Sereno;Normale;Buona;Ore Diurne;0;0;0;2;12,54639;41,9093;-1;2;Autocarro inferiore 35 q.;In marcia / fermata / arresto;Conducente;M;Illeso;0;;Non accertato;
3359015;13;18/06/2017 11:45;Strada Urbana;LUNGOMARE DUILIO;in corrispondenza;;del civico n.;32;;Tamponamento;Rettilineo;Due carreggiate;Asciutto;Asfaltata;Verticale ed orizzontale;Sereno;Intenso;Buona;Ore Diurne;0;0;0;2;12,29873;41,72117;-1;1;Autovettura privata;In marcia / fermata / arresto;Conducente;M;Illeso;0;;Non accertato;Inesploso
3359015;13;18/06/2017 11:45;Strada Urbana;LUNGOMARE DUILIO;in corrispondenza;;del civico n.;32;;Tamponamento;Rettilineo;Due carreggiate;Asciutto;Asfaltata;Verticale ed orizzontale;Sereno;Intenso;Buona;Ore Diurne;0;0;0;2;12,29873;41,72117;-1;2;Autovettura privata;In marcia / fermata / arresto;Conducente;M;Illeso;0;;Non accertato;Inesploso
3359020;5;16/06/2017 17:30;Strada Urbana;VIA DI S. ALESSANDRO;in corrispondenza;;del civico n.;271;;Veicolo in marcia contro veicolo in sosta;Rettilineo;Una carreggiata a doppio senso;Asciutto;Asfaltata;Assente;Sereno;Scarso;Buona;Ore Diurne;0;0;0;1;12,59395;41,9513;-1;2;Autovettura privata;In marcia / fermata / arresto;Conducente;M;Illeso;0;;Non accertato;Inesploso
3359036;5;16/06/2017 19:30;Strada Urbana;VIA FAUSTO GULLO;da specificare;;;;fronte civico 101;Tamponamento;Curva a visuale libera;Due carreggiate;Asciutto;Asfaltata;Orizzontale;Sereno;Scarso;Sufficiente;Ore Diurne;0;0;0;2;12,5804;41,91275;-1;1;Autovettura privata;In marcia / fermata / arresto;Conducente;F;Illeso;0;;Non accertato;Inesploso
3359036;5;16/06/2017 19:30;Strada Urbana;VIA FAUSTO GULLO;da specificare;;;;fronte civico 101;Tamponamento;Curva a visuale libera;Due carreggiate;Asciutto;Asfaltata;Orizzontale;Sereno;Scarso;Sufficiente;Ore Diurne;0;0;0;2;12,5804;41,91275;-1;2;Autovettura privata;In marcia / fermata / arresto;Conducente;M;Illeso;0;;Non accertato;Inesploso
3359045;5;18/06/2017 01:50;Strada Urbana;VIA TIBURTINA;all'intersezione semaforizzata con;VIA DI PORTONACCIO;VIA DI PORTONACCIO;;;Scontro frontale/laterale DX fra veicoli in marcia;Intersezione stradale segnalata;Due carreggiate;Asciutto;Asfaltata;Verticale ed orizzontale;Sereno;Normale;Buona;Sufficiente;0;0;0;3;12,53422;41,90809;-1;1;Autovettura privata;In marcia / fermata / arresto;Conducente;M;Illeso;0;;Non accertato;Inesploso
3359045;5;18/06/2017 01:50;Strada Urbana;VIA TIBURTINA;all'intersezione semaforizzata con;VIA DI PORTONACCIO;VIA DI PORTONACCIO;;;Scontro frontale/laterale DX fra veicoli in marcia;Intersezione stradale segnalata;Due carreggiate;Asciutto;Asfaltata;Verticale ed orizzontale;Sereno;Normale;Buona;Sufficiente;0;0;0;3;12,53422;41,90809;-1;1;Autovettura privata;In marcia / fermata / arresto;Passeggero;F;Illeso;0;;Non accertato;Inesploso
3359045;5;18/06/2017 01:50;Strada Urbana;VIA TIBURTINA;all'intersezione semaforizzata con;VIA DI PORTONACCIO;VIA DI PORTONACCIO;;;Scontro frontale/laterale DX fra veicoli in marcia;Intersezione stradale segnalata;Due carreggiate;Asciutto;Asfaltata;Verticale ed orizzontale;Sereno;Normale;Buona;Sufficiente;0;0;0;3;12,53422;41,90809;-1;2;Autovettura privata;In marcia / fermata / arresto;Conducente;F;Illeso;0;;Non accertato;Inesploso
3359050;18;16/06/2017 15:00;Strada Urbana;VIA BALDO DEGLI UBALDI;all'intersezione semaforizzata con;VIALE DI VALLE AURELIA;VIALE DI VALLE AURELIA;;;Tamponamento;Intersezione semaforizzata;Due carreggiate;Asciutto;Asfaltata;Verticale ed orizzontale;Sereno;Normale;Buona;Ore Diurne;0;0;0;2;12,43875;41,90138;-1;1;Autovettura privata;In marcia / fermata / arresto;Conducente;M;Illeso;0;;Non accertato;Inesploso
3359050;18;16/06/2017 15:00;Strada Urbana;VIA BALDO DEGLI UBALDI;all'intersezione semaforizzata con;VIALE DI VALLE AURELIA;VIALE DI VALLE AURELIA;;;Tamponamento;Intersezione semaforizzata;Due carreggiate;Asciutto;Asfaltata;Verticale ed orizzontale;Sereno;Normale;Buona;Ore Diurne;0;0;0;2;12,43875;41,90138;-1;2;Autovettura privata;In marcia / fermata / arresto;Conducente;F;Illeso;0;;Non accertato;Inesploso
3359051;5;18/06/2017 14:00;Strada Urbana;VIA TIBURTINA;in corrispondenza;;del civico n.;377;;Veicolo in marcia contro veicolo fermo;Rettilineo;Due carreggiate;Asciutto;Asfaltata;Verticale ed orizzontale;Sereno;Scarso;Buona;Ore Diurne;0;0;0;2;12,53595;41,90839;-1;1;Autovettura privata;In marcia / fermata / arresto;Conducente;M;Illeso;0;;Non accertato;Inesistente
3359051;5;18/06/2017 14:00;Strada Urbana;VIA TIBURTINA;in corrispondenza;;del civico n.;377;;Veicolo in marcia contro veicolo fermo;Rettilineo;Due carreggiate;Asciutto;Asfaltata;Verticale ed orizzontale;Sereno;Scarso;Buona;Ore Diurne;0;0;0;2;12,53595;41,90839;-1;2;Autovettura privata;In marcia / fermata / arresto;Conducente;F;Illeso;0;;Non accertato;Inesistente
3359056;20;18/06/2017 05:40;Strada Urbana;VIALE DI TOR DI QUINTO;in prossimità;;del civico n.;f.c. 119;;Veicolo in marcia contro ostacolo fisso;Curva a visuale libera;Due carreggiate;Asciutto;Asfaltata;Verticale ed orizzontale;Sereno;Scarso;Buona;Ore Diurne;2;0;0;0;12,48641;41,94516;-1;1;Autovettura privata;In marcia / fermata / arresto;Conducente;M;Rimandato;0;NON DECEDUTO;Non accertato;