Protocollo;Gruppo;DataOraIncidente;Localizzazione1;STRADA1;Localizzazione2;STRADA2;Strada02;Chilometrica;DaSpecificare;NaturaIncidente;particolaritastrade;TipoStrada;FondoStradale;Pavimentazione;Segnaletica;CondizioneAtmosferica;Traffico;Visibilita;Illuminazione;NUM_FERITI;NUM_RISERVATA;NUM_MORTI;NUM_ILLESI;Longitudine;Latitudine;Confermato;Progressivo;TipoVeicolo;StatoVeicolo;TipoPersona;Sesso;Tipolesione;Deceduto;DecedutoDopo;CinturaCascoUtilizzato;Airbag
3366060;11;22/06/2017 22:30;Strada Urbana;VIA CRISTOFORO COLOMBO;da specificare;;;;PROSSIMITA' LARGO FOCHETTI;Scontro frontale fra veicoli in marcia;Rettilineo;Più di due carreggiate;Asciutto;Asfaltata;Verticale ed orizzontale;Sereno;Normale;Sufficiente;Sufficiente;0;0;0;6;12,49602;41,86732;-1;2;Autovettura privata;In marcia / fermata / arresto;Passeggero;M;Illeso;0;;Non accertato;
3366068;19;22/06/2017 19:15;Strada Urbana;VIA DELLA STORTA;in prossimità;;del civico n.;727;;Scontro frontale/laterale SX fra veicoli in marcia;Rettilineo;Una carreggiata a doppio senso;Asciutto;Asfaltata;Orizzontale;Sereno;Scarso;Buona;Ore Diurne;1;0;0;2;12,36814;41,98774;-1;1;Autovettura privata;In marcia / fermata / arresto;Conducente;M;Rimandato;0;NON DECEDUTO;;
3366068;19;22/06/2017 19:15;Strada Urbana;VIA DELLA STORTA;in prossimità;;del civico n.;727;;Scontro frontale/laterale SX fra veicoli in marcia;Rettilineo;Una carreggiata a doppio senso;Asciutto;Asfaltata;Orizzontale;Sereno;Scarso;Buona;Ore Diurne;1;0;0;2;12,36814;41,98774;-1;2;Autovettura privata;In marcia / fermata / arresto;Conducente;M;Illeso;0;;;
3366068;19;22/06/2017 19:15;Strada Urbana;VIA DELLA STORTA;in prossimità;;del civico n.;727;;Scontro frontale/laterale SX fra veicoli in marcia;Rettilineo;Una carreggiata a doppio senso;Asciutto;Asfaltata;Orizzontale;Sereno;Scarso;Buona;Ore Diurne;1;0;0;2;12,36814;41,98774;-1;2;Autovettura privata;In marcia / fermata / arresto;Passeggero;F;Illeso;0;;;
3366073;5;22/06/2017 19:45;Strada Urbana;VIA CORROPOLI;all'intersezione con;VIA TURRIVALIGNANI;VIA TURRIVALIGNANI;;;Scontro frontale/laterale DX fra veicoli in marcia;Intersezione stradale segnalata;Una carreggiata a senso unico di marcia;Asciutto;Asfaltata;Verticale ed orizzontale;Sereno;Scarso;Buona;Ore Diurne;0;0;0;2;12,65046;41,93225;-1;1;Autovettura privata;In marcia / fermata / arresto;Conducente;F;Illeso;0;;Non accertato;Esploso
3366073;5;22/06/2017 19:45;Strada Urbana;VIA CORROPOLI;all'intersezione con;VIA TURRIVALIGNANI;VIA TURRIVALIGNANI;;;Scontro frontale/laterale DX fra veicoli in marcia;Intersezione stradale segnalata;Una carreggiata a senso unico di marcia;Asciutto;Asfaltata;Verticale ed orizzontale;Sereno;Scarso;Buona;Ore Diurne;0;0;0;2;12,65046;41,93225;-1;2;Autovettura privata;In marcia / fermata / arresto;Conducente;F;Illeso;0;;Non accertato;Esploso
3366076;7;22/06/2017 19:55;Strada Urbana;VIA DI TOR TRE TESTE;all'intersezione con;VIA DI CASA CALDA;VIA DI CASA CALDA;;;Scontro frontale/laterale DX fra veicoli in marcia;Incrocio;Una carreggiata a doppio senso;Asciutto;Asfaltata;Verticale ed orizzontale;Sereno;Normale;Buona;Ore Diurne;1;0;0;2;12,58662;41,8731;-1;1;Autovettura privata;In marcia / fermata / arresto;Conducente;M;Illeso;0;;Non accertato;Inesploso
3366076;7;22/06/2017 19:55;Strada Urbana;VIA DI TOR TRE TESTE;all'intersezione con;VIA DI CASA CALDA;VIA DI CASA CALDA;;;Scontro frontale/laterale DX fra veicoli in marcia;Incrocio;Una carreggiata a doppio senso;Asciutto;Asfaltata;Verticale ed orizzontale;Sereno;Normale;Buona;Ore Diurne;1;0;0;2;12,58662;41,8731;-1;1;Autovettura privata;In marcia / fermata / arresto;Passeggero;M;Illeso;0;;Non accertato;Inesploso
3366076;7;22/06/2017 19:55;Strada Urbana;VIA DI TOR TRE TESTE;all'intersezione con;VIA DI CASA CALDA;VIA DI CASA CALDA;;;Scontro frontale/laterale DX fra veicoli in marcia;Incrocio;Una carreggiata a doppio senso;Asciutto;Asfaltata;Verticale ed orizzontale;Sereno;Normale;Buona;Ore Diurne;1;0;0;2;12,58662;41,8731;-1;2;Motociclo a solo;In marcia / fermata / arresto;Conducente;M;Rimandato;0;NON DECEDUTO;Non accertato;
3366077;6;22/06/2017 21:30;Strada Urbana;VIA ESTERZILI;in prossimità;;del civico n.;61;;Scontro frontale fra veicoli in marcia;Rettilineo;Una carreggiata a doppio senso;Asciutto;Asfaltata;Assente;Sereno;Scarso;Buona;Sufficiente;0;0;0;2;12,6849;41,88805;-1;1;Autovettura privata;In marcia / fermata / arresto;Conducente;M;Illeso;0;;;
3366077;6;22/06/2017 21:30;Strada Urbana;VIA ESTERZILI;in prossimità;;del civico n.;61;;Scontro frontale fra veicoli in marcia;Rettilineo;Una carreggiata a doppio senso;Asciutto;Asfaltata;Assente;Sereno;Scarso;Buona;Sufficiente;0;0;0;2;12,6849;41,88805;-1;2;Motociclo a solo;In marcia / fermata / arresto;Conducente;M;Illeso;0;;;
3366091;4;22/06/2017 11:00;Strada Urbana;VIA CIMONE;in corrispondenza;;del civico n.;32;;Scontro laterale fra veicoli in marcia;Rettilineo;Una carreggiata a senso unico di marcia;Asciutto;Asfaltata;Verticale ed orizzontale;Sereno;Normale;Buona;Ore Diurne;0;0;0;2;12,53692;41,93383;-1;1;Autovettura privata;In marcia / fermata / arresto;Conducente;M;Illeso;0;;;
3366091;4;22/06/2017 11:00;Strada Urbana;VIA CIMONE;in corrispondenza;;del civico n.;32;;Scontro laterale fra veicoli in marcia;Rettilineo;Una carreggiata a senso unico di marcia;Asciutto;Asfaltata;Verticale ed orizzontale;Sereno;Normale;Buona;Ore Diurne;0;0;0;2;12,53692;41,93383;-1;2;Veicolo speciale;In marcia / fermata / arresto;Conducente;M;Illeso;0;;;
3366092;1;22/06/2017 23:50;Strada Urbana;VIA GIOBERTI;all'intersezione semaforizzata con;VIA NAPOLEONE III;VIA NAPOLEONE III;;;Scontro frontale/laterale SX fra veicoli in marcia;Intersezione semaforizzata;Una carreggiata a senso unico di marcia;Asciutto;Asfaltata;Verticale ed orizzontale;Sereno;Scarso;Sufficiente;Sufficiente;0;0;0;4;12,5002;41,89846;-1;1;Autovettura privata;In marcia / fermata / arresto;Conducente;F;Illeso;0;;;
3366092;1;22/06/2017 23:50;Strada Urbana;VIA GIOBERTI;all'intersezione semaforizzata con;VIA NAPOLEONE III;VIA NAPOLEONE III;;;Scontro frontale/laterale SX fra veicoli in marcia;Intersezione semaforizzata;Una carreggiata a senso unico di marcia;Asciutto;Asfaltata;Verticale ed orizzontale;Sereno;Scarso;Sufficiente;Sufficiente;0;0;0;4;12,5002;41,89846;-1;1;Autovettura privata;In marcia / fermata / arresto;Passeggero;F;Illeso;0;;;
3366092;1;22/06/2017 23:50;Strada Urbana;VIA GIOBERTI;all'intersezione semaforizzata con;VIA NAPOLEONE III;VIA NAPOLEONE III;;;Scontro frontale/laterale SX fra veicoli in marcia;Intersezione semaforizzata;Una carreggiata a senso unico di marcia;Asciutto;Asfaltata;Verticale ed orizzontale;Sereno;Scarso;Sufficiente;Sufficiente;0;0;0;4;12,5002;41,89846;-1;2;Autovettura privata;In marcia / fermata / arresto;Conducente;M;Illeso;0;;;
3366092;1;22/06/2017 23:50;Strada Urbana;VIA GIOBERTI;all'intersezione semaforizzata con;VIA NAPOLEONE III;VIA NAPOLEONE III;;;Scontro frontale/laterale SX fra veicoli in marcia;Intersezione semaforizzata;Una carreggiata a senso unico di marcia;Asciutto;Asfaltata;Verticale ed orizzontale;Sereno;Scarso;Sufficiente;Sufficiente;0;0;0;4;12,5002;41,89846;-1;2;Autovettura privata;In marcia / fermata / arresto;Passeggero;F;Illeso;0;;;
3366099;4;22/06/2017 19:15;Strada Urbana;VIALE ADRIATICO;in corrispondenza;;del civico n.;167;;Infortunio per caduta del veicolo;Rettilineo;Una carreggiata a doppio senso;Asciutto;Asfaltata;Verticale ed orizzontale;Sereno;Normale;Buona;Ore Diurne;1;0;0;0;12,53719;41,94335;-1;1;Motociclo a solo;In marcia / fermata / arresto;Conducente;M;Rimandato;0;NON DECEDUTO;Non accertato;
3366106;13;22/06/2017 07:25;Strada Urbana;VIALE DI CASTEL PORZIANO;all'intersezione con;VIA TORCEGNO;VIA TORCEGNO;;;Scontro frontale/laterale DX fra veicoli in marcia;Incrocio;Due carreggiate;Asciutto;Asfaltata;Verticale;Sereno;Normale;Buona;Ore Diurne;0;0;0;4;12,34914;41,73083;-1;1;Autovettura privata;In marcia / fermata / arresto;Conducente;M;Illeso;0;;Non accertato;Inesploso
3366106;13;22/06/2017 07:25;Strada Urbana;VIALE DI CASTEL PORZIANO;all'intersezione con;VIA TORCEGNO;VIA TORCEGNO;;;Scontro frontale/laterale DX fra veicoli in marcia;Incrocio;Due carreggiate;Asciutto;Asfaltata;Verticale;Sereno;Normale;Buona;Ore Diurne;0;0;0;4;12,34914;41,73083;-1;1;Autovettura privata;In marcia / fermata / arresto;Passeggero;M;Illeso;0;;Non accertato;Inesploso
3366106;13;22/06/2017 07:25;Strada Urbana;VIALE DI CASTEL PORZIANO;all'intersezione con;VIA TORCEGNO;VIA TORCEGNO;;;Scontro frontale/laterale DX fra veicoli in marcia;Incrocio;Due carreggiate;Asciutto;Asfaltata;Verticale;Sereno;Normale;Buona;Ore Diurne;0;0;0;4;12,34914;41,73083;-1;2;Autocarro inferiore 35 q.;In marcia / fermata / arresto;Conducente;M;Illeso;0;;Non accertato;Inesploso
3366106;13;22/06/2017 07:25;Strada Urbana;VIALE DI CASTEL PORZIANO;all'intersezione con;VIA TORCEGNO;VIA TORCEGNO;;;Scontro frontale/laterale DX fra veicoli in marcia;Incrocio;Due carreggiate;Asciutto;Asfaltata;Verticale;Sereno;Normale;Buona;Ore Diurne;0;0;0;4;12,34914;41,73083;-1;2;Autocarro inferiore 35 q.;In marcia / fermata / arresto;Passeggero;F;Illeso;0;;Non accertato;Inesploso
3366107;1;22/06/2017 18:00;Strada Urbana;LUNGOTEVERE DE' CENCI;all'intersezione semaforizzata con;LUNGOTEVERE DEI VALLATI;LUNGOTEVERE DEI VALLATI;;;Tamponamento Multiplo;Incrocio;Una carreggiata a senso unico di marcia;Asciutto;Asfaltata;Verticale ed orizzontale;Sereno;Normale;Buona;Ore Diurne;1;0;0;2;12,47459;41,89177;-1;1;Autovettura privata;In marcia / fermata / arresto;Conducente;F;Illeso;0;;Utilizzato;Inesploso
3366107;1;22/06/2017 18:00;Strada Urbana;LUNGOTEVERE DE' CENCI;all'intersezione semaforizzata con;LUNGOTEVERE DEI VALLATI;LUNGOTEVERE DEI VALLATI;;;Tamponamento Multiplo;Incrocio;Una carreggiata a senso unico di marcia;Asciutto;Asfaltata;Verticale ed orizzontale;Sereno;Normale;Buona;Ore Diurne;1;0;0;2;12,47459;41,89177;-1;2;Autovettura privata;In marcia / fermata / arresto;Conducente;F;Illeso;0;;Utilizzato;Inesploso
3366107;1;22/06/2017 18:00;Strada Urbana;LUNGOTEVERE DE' CENCI;all'intersezione semaforizzata con;LUNGOTEVERE DEI VALLATI;LUNGOTEVERE DEI VALLATI;;;Tamponamento Multiplo;Incrocio;Una carreggiata a senso unico di marcia;Asciutto;Asfaltata;Verticale ed orizzontale;Sereno;Normale;Buona;Ore Diurne;1;0;0;2;12,47459;41,89177;-1;3;Motociclo a solo;In marcia / fermata / arresto;Conducente;M;Rifiuta cure immediate;0;NON DECEDUTO;Non accertato;
3366120;13;22/06/2017 16:45;Strada Urbana;VIA ESCHILO;in corrispondenza;;del civico n.;100;;Scontro frontale/laterale DX fra veicoli in marcia;Rettilineo;Una carreggiata a doppio senso;Asciutto;Asfaltata;Verticale;Sereno;Normale;Buona;Ore Diurne;0;0;0;2;12,37202;41,76188;-1;1;Autovettura privata;In marcia / fermata / arresto;Conducente;F;Illeso;0;;Non accertato;Inesploso
3366120;13;22/06/2017 16:45;Strada Urbana;VIA ESCHILO;in corrispondenza;;del civico n.;100;;Scontro frontale/laterale DX fra veicoli in marcia;Rettilineo;Una carreggiata a doppio senso;Asciutto;Asfaltata;Verticale;Sereno;Normale;Buona;Ore Diurne;0;0;0;2;12,37202;41,76188;-1;2;Autovettura privata;In marcia / fermata / arresto;Conducente;F;Illeso;0;;Non accertato;Inesploso
3366122;19;22/06/2017 14:30;Strada Urbana;VIA DI S. MARIA DI GALERIA;in corrispondenza;;del civico n.;552;;Fuoriuscita dalla sede stradale;Rettilineo;Una carreggiata a doppio senso;Asciutto;Asfaltata;Verticale;Sereno;Scarso;Buona;Ore Diurne;1;0;0;0;12,31521;42,03627;-1;1;Autocarro inferiore 35 q.;In marcia / fermata / arresto;Conducente;M;Rifiuta cure immediate;0;NON DECEDUTO;Non accertato;Inesploso
3366125;13;22/06/2017 14:00;Strada Urbana;VIALE DEL SOMMERGIBILE;all'intersezione con;VIA DOMENICO BAFFIGO;VIA DOMENICO BAFFIGO;;;Scontro frontale/laterale DX fra veicoli in marcia;Incrocio;Due carreggiate;Asciutto;Asfaltata;Verticale;Sereno;Normale;Buona;Ore Diurne;0;0;0;3;12,2619;41,73706;-1;1;Autovettura privata;In marcia / fermata / arresto;Conducente;F;Illeso;0;;Non accertato;Inesploso
3366125;13;22/06/2017 14:00;Strada Urbana;VIALE DEL SOMMERGIBILE;all'intersezione con;VIA DOMENICO BAFFIGO;VIA DOMENICO BAFFIGO;;;Scontro frontale/laterale DX fra veicoli in marcia;Incrocio;Due carreggiate;Asciutto;Asfaltata;Verticale;Sereno;Normale;Buona;Ore Diurne;0;0;0;3;12,2619;41,73706;-1;1;Autovettura privata;In marcia / fermata / arresto;Passeggero;F;Illeso;0;;Non accertato;Inesploso
3366125;13;22/06/2017 14:00;Strada Urbana;VIALE DEL SOMMERGIBILE;all'intersezione con;VIA DOMENICO BAFFIGO;VIA DOMENICO BAFFIGO;;;Scontro frontale/laterale DX fra veicoli in marcia;Incrocio;Due carreggiate;Asciutto;Asfaltata;Verticale;Sereno;Normale;Buona;Ore Diurne;0;0;0;3;12,2619;41,73706;-1;2;Autovettura privata;In marcia / fermata / arresto;Conducente;F;Illeso;0;;Non accertato;Inesploso
3366131;13;22/06/2017 17:15;Strada Urbana;VIA DELLE MOLUCCHE;all'intersezione con;VIA ISOLE SALOMONE;VIA ISOLE SALOMONE;;;Scontro frontale/laterale DX fra veicoli in marcia;Incrocio;Una carreggiata a doppio senso;Asciutto;Asfaltata;Verticale ed orizzontale;Sereno;Normale;Buona;Ore Diurne;1;0;0;1;12,27849;41,74028;-1;1;Autovettura privata;In marcia / fermata / arresto;Conducente;M;Rimandato;0;NON DECEDUTO;;
3366131;13;22/06/2017 17:15;Strada Urbana;VIA DELLE MOLUCCHE;all'intersezione con;VIA ISOLE SALOMONE;VIA ISOLE SALOMONE;;;Scontro frontale/laterale DX fra veicoli in marcia;Incrocio;Una carreggiata a doppio senso;Asciutto;Asfaltata;Verticale ed orizzontale;Sereno;Normale;Buona;Ore Diurne;1;0;0;1;12,27849;41,74028;-1;2;Autovettura privata;In marcia / fermata / arresto;Conducente;M;Illeso;0;;Non accertato;Inesploso
3366143;4;22/06/2017 09:15;Strada Urbana;VIALE ADRIATICO;in corrispondenza;;del civico n.;81;;Scontro laterale fra veicoli in marcia;Curva a visuale libera;Una carreggiata a senso unico di marcia;Asciutto;Asfaltata;Verticale ed orizzontale;Sereno;Normale;Buona;Ore Diurne;0;0;0;2;12,53578;41,93974;-1;1;Motociclo a solo;In marcia / fermata / arresto;Conducente;F;Illeso;0;;;
3366143;4;22/06/2017 09:15;Strada Urbana;VIALE ADRIATICO;in corrispondenza;;del civico n.;81;;Scontro laterale fra veicoli in marcia;Curva a visuale libera;Una carreggiata a senso unico di marcia;Asciutto;Asfaltata;Verticale ed orizzontale;Sereno;Normale;Buona;Ore Diurne;0;0;0;2;12,53578;41,93974;-1;2;Autovettura privata;In marcia / fermata / arresto;Conducente;M;Illeso;0;;;
3366144;4;22/06/2017 09:10;Strada Urbana;VIA DI VALLE MELAINA;all'intersezione con;VIA GIOVANNI FALDELLA;VIA GIOVANNI FALDELLA;;;Tamponamento;Incrocio;Due carreggiate;Asciutto;Asfaltata;Verticale ed orizzontale;Sereno;Normale;Buona;Ore Diurne;0;0;0;2;12,52585;41,94828;-1;1;Autovettura privata;In marcia / fermata / arresto;Conducente;F;Illeso;0;;;
3366144;4;22/06/2017 09:10;Strada Urbana;VIA DI VALLE MELAINA;all'intersezione con;VIA GIOVANNI FALDELLA;VIA GIOVANNI FALDELLA;;;Tamponamento;Incrocio;Due carreggiate;Asciutto;Asfaltata;Verticale ed orizzontale;Sereno;Normale;Buona;Ore Diurne;0;0;0;2;12,52585;41,94828;-1;2;Autovettura privata;In marcia / fermata / arresto;Conducente;F;Illeso;0;;;
3366146;13;23/06/2017 00:10;Strada Urbana;VIALE DELLE REPUBBLICHE MARINARE;all'intersezione con;VIALE VASCO DE GAMA;VIALE VASCO DE GAMA;;;Scontro frontale/laterale SX fra veicoli in marcia;Incrocio;Due carreggiate;Asciutto;Asfaltata;Verticale ed orizzontale;Sereno;Scarso;Buona;Sufficiente;1;0;0;1;12,26834;41,73532;-1;1;Autovettura privata;In marcia / fermata / arresto;Conducente;M;Rimandato;0;NON DECEDUTO;Non accertato;Inesploso
3366146;13;23/06/2017 00:10;Strada Urbana;VIALE DELLE REPUBBLICHE MARINARE;all'intersezione con;VIALE VASCO DE GAMA;VIALE VASCO DE GAMA;;;Scontro frontale/laterale SX fra veicoli in marcia;Incrocio;Due carreggiate;Asciutto;Asfaltata;Verticale ed orizzontale;Sereno;Scarso;Buona;Sufficiente;1;0;0;1;12,26834;41,73532;-1;2;Autovettura privata;In marcia / fermata / arresto;Conducente;F;Illeso;0;;Non accertato;
3366155;11;23/06/2017 01:30;Strada Urbana;VIALE ALDO BALLARIN;da specificare;;;;altezza Viale del Tintoretto;Veicolo in marcia contro ostacolo fisso;Rettilineo;Una carreggiata a doppio senso;Asciutto;Asfaltata;Assente;Sereno;Scarso;Buona;Sufficiente;1;0;0;2;12,48593;41,83808;-1;1;Autovettura privata;In marcia / fermata / arresto;Conducente;M;Illeso;0;;;
3366155;11;23/06/2017 01:30;Strada Urbana;VIALE ALDO BALLARIN;da specificare;;;;altezza Viale del Tintoretto;Veicolo in marcia contro ostacolo fisso;Rettilineo;Una carreggiata a doppio senso;Asciutto;Asfaltata;Assente;Sereno;Scarso;Buona;Sufficiente;1;0;0;2;12,48593;41,83808;-1;1;Autovettura privata;In marcia / fermata / arresto;Passeggero;M;Illeso;0;;;
3366155;11;23/06/2017 01:30;Strada Urbana;VIALE ALDO BALLARIN;da specificare;;;;altezza Viale del Tintoretto;Veicolo in marcia contro ostacolo fisso;Rettilineo;Una carreggiata a doppio senso;Asciutto;Asfaltata;Assente;Sereno;Scarso;Buona;Sufficiente;1;0;0;2;12,48593;41,83808;-1;1;Autovettura privata;In marcia / fermata / arresto;Passeggero;M;Rimandato;0;NON DECEDUTO;;
3366161;19;22/06/2017 23:30;Strada Urbana;VIA DEL PODERE FIUME;all'intersezione con;VIA ALBERTO MANZI;VIA ALBERTO MANZI;;;Scontro frontale/laterale DX fra veicoli in marcia;Rotatoria;Una carreggiata a senso unico di marcia;Asciutto;Asfaltata;Verticale ed orizzontale;Sereno;Scarso;Buona;Sufficiente;2;0;0;2;12,40097;41,92518;-1;1;Autovettura privata;In marcia / fermata / arresto;Conducente;M;Illeso;0;;Non accertato;Inesploso
3366161;19;22/06/2017 23:30;Strada Urbana;VIA DEL PODERE FIUME;all'intersezione con;VIA ALBERTO MANZI;VIA ALBERTO MANZI;;;Scontro frontale/laterale DX fra veicoli in marcia;Rotatoria;Una carreggiata a senso unico di marcia;Asciutto;Asfaltata;Verticale ed orizzontale;Sereno;Scarso;Buona;Sufficiente;2;0;0;2;12,40097;41,92518;-1;1;Autovettura privata;In marcia / fermata / arresto;Passeggero;M;Illeso;0;;Non accertato;Inesploso
3366161;19;22/06/2017 23:30;Strada Urbana;VIA DEL PODERE FIUME;all'intersezione con;VIA ALBERTO MANZI;VIA ALBERTO MANZI;;;Scontro frontale/laterale DX fra veicoli in marcia;Rotatoria;Una carreggiata a senso unico di marcia;Asciutto;Asfaltata;Verticale ed orizzontale;Sereno;Scarso;Buona;Sufficiente;2;0;0;2;12,40097;41,92518;-1;2;Motociclo a solo;In marcia / fermata / arresto;Conducente;M;Rimandato;0;NON DECEDUTO;Non accertato;
3366161;19;22/06/2017 23:30;Strada Urbana;VIA DEL PODERE FIUME;all'intersezione con;VIA ALBERTO MANZI;VIA ALBERTO MANZI;;;Scontro frontale/laterale DX fra veicoli in marcia;Rotatoria;Una carreggiata a senso unico di marcia;Asciutto;Asfaltata;Verticale ed orizzontale;Sereno;Scarso;Buona;Sufficiente;2;0;0;2;12,40097;41,92518;-1;2;Motociclo a solo;In marcia / fermata / arresto;Passeggero;F;Rimandato;0;NON DECEDUTO;Non accertato;
3366162;4;22/06/2017 19:40;Strada Urbana;VIALE TITINA DE FILIPPO;da specificare;;;;"pross.tà fronte area servizio ""TE""";Veicolo in marcia contro treno;Rettilineo;Due carreggiate;Asciutto;Asfaltata;Verticale ed orizzontale;Sereno;Normale;Buona;Ore Diurne;0;0;0;1;12,51649;41,9667;-1;1;Autovettura privata;In marcia / fermata / arresto;Conducente;F;Illeso;0;;;
3366164;4;22/06/2017 22:40;Strada Urbana;VIA DELLA BUFALOTTA;in prossimità;;del civico n.;777;;Scontro laterale fra veicoli in marcia;Rettilineo;Una carreggiata a doppio senso;Asciutto;Asfaltata;Orizzontale;Sereno;Normale;Sufficiente;Sufficiente;0;0;0;4;12,54956;41,96713;-1;1;Autovettura privata;In marcia / fermata / arresto;Conducente;F;Illeso;0;;Non accertato;Inesploso
3366164;4;22/06/2017 22:40;Strada Urbana;VIA DELLA BUFALOTTA;in prossimità;;del civico n.;777;;Scontro laterale fra veicoli in marcia;Rettilineo;Una carreggiata a doppio senso;Asciutto;Asfaltata;Orizzontale;Sereno;Normale;Sufficiente;Sufficiente;0;0;0;4;12,54956;41,96713;-1;1;Autovettura privata;In marcia / fermata / arresto;Passeggero;F;Illeso;0;;Non accertato;Inesploso
3366164;4;22/06/2017 22:40;Strada Urbana;VIA DELLA BUFALOTTA;in prossimità;;del civico n.;777;;Scontro laterale fra veicoli in marcia;Rettilineo;Una carreggiata a doppio senso;Asciutto;Asfaltata;Orizzontale;Sereno;Normale;Sufficiente;Sufficiente;0;0;0;4;12,54956;41,96713;-1;2;Autovettura privata;In marcia / fermata / arresto;Conducente;M;Illeso;0;;Non accertato;Inesploso
3366164;4;22/06/2017 22:40;Strada Urbana;VIA DELLA BUFALOTTA;in prossimità;;del civico n.;777;;Scontro laterale fra veicoli in marcia;Rettilineo;Una carreggiata a doppio senso;Asciutto;Asfaltata;Orizzontale;Sereno;Normale;Sufficiente;Sufficiente;0;0;0;4;12,54956;41,96713;-1;2;Autovettura privata;In marcia / fermata / arresto;Passeggero;F;Illeso;0;;Non accertato;Inesploso
3366179;19;22/06/2017 16:45;Strada Urbana;VIA DI TRAGLIATA;all'intersezione con;VIA DI S. MARIA DI GALERIA;VIA DI S. MARIA DI GALERIA;;;Scontro frontale/laterale DX fra veicoli in marcia;Incrocio;Una carreggiata a doppio senso;Asciutto;Asfaltata;Verticale ed orizzontale;Sereno;Normale;Buona;Ore Diurne;1;0;0;2;12,30412;41,96411;-1;1;Autovettura privata;In marcia / fermata / arresto;Conducente;F;Illeso;0;;Non accertato;Inesploso
3366179;19;22/06/2017 16:45;Strada Urbana;VIA DI TRAGLIATA;all'intersezione con;VIA DI S. MARIA DI GALERIA;VIA DI S. MARIA DI GALERIA;;;Scontro frontale/laterale DX fra veicoli in marcia;Incrocio;Una carreggiata a doppio senso;Asciutto;Asfaltata;Verticale ed orizzontale;Sereno;Normale;Buona;Ore Diurne;1;0;0;2;12,30412;41,96411;-1;2;Autovettura privata;In marcia / fermata / arresto;Conducente;M;Illeso;0;;Non accertato;Inesploso
3366179;19;22/06/2017 16:45;Strada Urbana;VIA DI TRAGLIATA;all'intersezione con;VIA DI S. MARIA DI GALERIA;VIA DI S. MARIA DI GALERIA;;;Scontro frontale/laterale DX fra veicoli in marcia;Incrocio;Una carreggiata a doppio senso;Asciutto;Asfaltata;Verticale ed orizzontale;Sereno;Normale;Buona;Ore Diurne;1;0;0;2;12,30412;41,96411;-1;2;Autovettura privata;In marcia / fermata / arresto;Passeggero;M;Rimandato;0;NON DECEDUTO;Non accertato;
3366181;20;22/06/2017 11:30;Strada Urbana;VIA VITO SINISI;in prossimità;;del civico n.;f.c. 13;;Veicolo in marcia contro veicolo in sosta;Curva a visuale libera;Una carreggiata a doppio senso;Asciutto;Asfaltata;Orizzontale;Sereno;Normale;Buona;Ore Diurne;0;0;0;1;12,45272;41,966;-1;1;Autocarro inferiore 35 q.;In marcia / fermata / arresto;Conducente;M;Illeso;0;;Non accertato;
3366214;13;22/06/2017 15:15;Strada Urbana;VIALE VASCO DE GAMA;all'intersezione semaforizzata con;VIA DELLE SIRENE;VIA DELLE SIRENE;;;Scontro frontale/laterale DX fra veicoli in marcia;Intersezione semaforizzata;Due carreggiate;Asciutto;Asfaltata;Verticale ed orizzontale;Sereno;Normale;Buona;Ore Diurne;0;0;0;2;12,27219;41,73545;-1;1;Autovettura privata;In marcia / fermata / arresto;Conducente;M;Illeso;0;;Non accertato;Inesploso
3366214;13;22/06/2017 15:15;Strada Urbana;VIALE VASCO DE GAMA;all'intersezione semaforizzata con;VIA DELLE SIRENE;VIA DELLE SIRENE;;;Scontro frontale/laterale DX fra veicoli in marcia;Intersezione semaforizzata;Due carreggiate;Asciutto;Asfaltata;Verticale ed orizzontale;Sereno;Normale;Buona;Ore Diurne;0;0;0;2;12,27219;41,73545;-1;2;Autovettura privata;In marcia / fermata / arresto;Conducente;F;Illeso;0;;;
3366258;23;22/06/2017 19:00;Strada Urbana;VIA CRISTOFORO COLOMBO;in prossimità;;della chilometrica;24.4;;Tamponamento;Rettilineo;Più di due carreggiate;Asciutto;Asfaltata;Verticale ed orizzontale;Sereno;Normale;Buona;Ore Diurne;1;0;0;1;12,49637;41,87316;-1;1;Motociclo con passeggero;In marcia / fermata / arresto;Conducente;F;Rimandato;0;NON DECEDUTO;Utilizzato;
3366258;23;22/06/2017 19:00;Strada Urbana;VIA CRISTOFORO COLOMBO;in prossimità;;della chilometrica;24.4;;Tamponamento;Rettilineo;Più di due carreggiate;Asciutto;Asfaltata;Verticale ed orizzontale;Sereno;Normale;Buona;Ore Diurne;1;0;0;1;12,49637;41,87316;-1;2;Autovettura privata;In marcia / fermata / arresto;Conducente;F;Illeso;0;;Non accertato;Inesistente
3366265;4;23/06/2017 00:10;Strada Urbana;VIA DEI PRATI FISCALI;all'intersezione semaforizzata con;VIA CAVRIGLIA;VIA CAVRIGLIA;;;Scontro frontale/laterale SX fra veicoli in marcia;Intersezione semaforizzata;Due carreggiate;Asciutto;Asfaltata;Verticale ed orizzontale;Sereno;Scarso;Buona;Sufficiente;0;0;0;6;12,51719;41,94639;-1;1;Autovettura privata;In marcia / fermata / arresto;Conducente;M;Illeso;0;;Non accertato;Inesploso
3366265;4;23/06/2017 00:10;Strada Urbana;VIA DEI PRATI FISCALI;all'intersezione semaforizzata con;VIA CAVRIGLIA;VIA CAVRIGLIA;;;Scontro frontale/laterale SX fra veicoli in marcia;Intersezione semaforizzata;Due carreggiate;Asciutto;Asfaltata;Verticale ed orizzontale;Sereno;Scarso;Buona;Sufficiente;0;0;0;6;12,51719;41,94639;-1;1;Autovettura privata;In marcia / fermata / arresto;Passeggero;F;Illeso;0;;Non accertato;Inesploso