Protocollo;Gruppo;DataOraIncidente;Localizzazione1;STRADA1;Localizzazione2;STRADA2;Strada02;Chilometrica;DaSpecificare;NaturaIncidente;particolaritastrade;TipoStrada;FondoStradale;Pavimentazione;Segnaletica;CondizioneAtmosferica;Traffico;Visibilita;Illuminazione;NUM_FERITI;NUM_RISERVATA;NUM_MORTI;NUM_ILLESI;Longitudine;Latitudine;Confermato;Progressivo;TipoVeicolo;StatoVeicolo;TipoPersona;Sesso;Tipolesione;Deceduto;DecedutoDopo;CinturaCascoUtilizzato;Airbag
3369621;5;24/06/2017 16:45;Strada Urbana;VIA TIBURTINA;in corrispondenza;;del civico n.;654;;Veicolo in marcia contro veicolo arresto;Rettilineo;Due carreggiate;Asciutto;Asfaltata;Verticale ed orizzontale;Sereno;Normale;Buona;Ore Diurne;3;0;0;3;12,54839;41,91013;-1;3;Autovettura privata;In marcia / fermata / arresto;Passeggero;F;Illeso;0;;Non accertato;Inesploso
3369628;5;23/06/2017 11:20;Strada Urbana;VIA FERONIA;all'intersezione con;VIA BERNARDINO LOTTI;VIA BERNARDINO LOTTI;;;Scontro laterale fra veicoli in marcia;Incrocio;Una carreggiata a doppio senso;Asciutto;Asfaltata;Assente;Sereno;Scarso;Buona;Ore Diurne;0;0;0;2;12,54645;41,91844;-1;1;Autovettura privata;In marcia / fermata / arresto;Conducente;F;Illeso;0;;Non accertato;Inesploso
3369628;5;23/06/2017 11:20;Strada Urbana;VIA FERONIA;all'intersezione con;VIA BERNARDINO LOTTI;VIA BERNARDINO LOTTI;;;Scontro laterale fra veicoli in marcia;Incrocio;Una carreggiata a doppio senso;Asciutto;Asfaltata;Assente;Sereno;Scarso;Buona;Ore Diurne;0;0;0;2;12,54645;41,91844;-1;2;Autovettura privata;In marcia / fermata / arresto;Conducente;F;Illeso;0;;Non accertato;Inesploso
3369631;18;26/06/2017 06:40;Strada Urbana;VIA DI BOCCEA;in prossimità;;del civico n.;453;;Tamponamento Multiplo;Rettilineo;Una carreggiata a doppio senso;Asciutto;Asfaltata;Verticale ed orizzontale;Sereno;Normale;Buona;Ore Diurne;0;0;0;3;12,3941;41,91063;-1;1;Autovettura privata;In marcia / fermata / arresto;Conducente;M;Illeso;0;;Non accertato;Inesploso
3369631;18;26/06/2017 06:40;Strada Urbana;VIA DI BOCCEA;in prossimità;;del civico n.;453;;Tamponamento Multiplo;Rettilineo;Una carreggiata a doppio senso;Asciutto;Asfaltata;Verticale ed orizzontale;Sereno;Normale;Buona;Ore Diurne;0;0;0;3;12,3941;41,91063;-1;2;Autovettura privata;In marcia / fermata / arresto;Conducente;M;Illeso;0;;Non accertato;Inesploso
3369631;18;26/06/2017 06:40;Strada Urbana;VIA DI BOCCEA;in prossimità;;del civico n.;453;;Tamponamento Multiplo;Rettilineo;Una carreggiata a doppio senso;Asciutto;Asfaltata;Verticale ed orizzontale;Sereno;Normale;Buona;Ore Diurne;0;0;0;3;12,3941;41,91063;-1;3;Motociclo a solo;In marcia / fermata / arresto;Conducente;M;Illeso;0;;Non accertato;
3369639;5;24/06/2017 15:45;Strada Urbana;VIA DEL CASALE DI S. BASILIO;all'intersezione con;VIA TINO BUAZZELLI;VIA TINO BUAZZELLI;;;Scontro frontale/laterale SX fra veicoli in marcia;Incrocio;Una carreggiata a doppio senso;Asciutto;Asfaltata;Verticale ed orizzontale;Sereno;Normale;Buona;Ore Diurne;1;0;0;1;12,56888;41,94455;-1;1;Autovettura privata;In marcia / fermata / arresto;Conducente;M;Rimandato;0;NON DECEDUTO;Non accertato;Inesploso
3369639;5;24/06/2017 15:45;Strada Urbana;VIA DEL CASALE DI S. BASILIO;all'intersezione con;VIA TINO BUAZZELLI;VIA TINO BUAZZELLI;;;Scontro frontale/laterale SX fra veicoli in marcia;Incrocio;Una carreggiata a doppio senso;Asciutto;Asfaltata;Verticale ed orizzontale;Sereno;Normale;Buona;Ore Diurne;1;0;0;1;12,56888;41,94455;-1;2;Autovettura privata;In marcia / fermata / arresto;Conducente;M;Illeso;0;;Non accertato;Inesploso
3369643;11;24/06/2017 13:45;Strada Urbana;VIA CRISTOFORO COLOMBO;da specificare;;;;prossimità piazza E. Rufino;Scontro laterale fra veicoli in marcia;Rettilineo;Più di due carreggiate;Asciutto;Asfaltata;Verticale ed orizzontale;Sereno;Normale;Buona;Ore Diurne;0;0;0;2;12,49665;41,85846;-1;1;Autobus turistico;In marcia / fermata / arresto;Conducente;M;Illeso;0;;;
3369643;11;24/06/2017 13:45;Strada Urbana;VIA CRISTOFORO COLOMBO;da specificare;;;;prossimità piazza E. Rufino;Scontro laterale fra veicoli in marcia;Rettilineo;Più di due carreggiate;Asciutto;Asfaltata;Verticale ed orizzontale;Sereno;Normale;Buona;Ore Diurne;0;0;0;2;12,49665;41,85846;-1;2;Autovettura privata;In marcia / fermata / arresto;Conducente;F;Illeso;0;;;
3369653;5;24/06/2017 20:20;Strada Urbana;VIA TIBURTINA;all'intersezione semaforizzata con;VIA LANCIANO;VIA LANCIANO;;;Investimento di pedone;Intersezione semaforizzata;Due carreggiate;Asciutto;Asfaltata;Verticale ed orizzontale;Sereno;Normale;Sufficiente;Sufficiente;1;0;0;1;12,57453;41,92657;-1;;;;Pedone;F;Rimandato;0;NON DECEDUTO;;
3369653;5;24/06/2017 20:20;Strada Urbana;VIA TIBURTINA;all'intersezione semaforizzata con;VIA LANCIANO;VIA LANCIANO;;;Investimento di pedone;Intersezione semaforizzata;Due carreggiate;Asciutto;Asfaltata;Verticale ed orizzontale;Sereno;Normale;Sufficiente;Sufficiente;1;0;0;1;12,57453;41,92657;-1;1;Autovettura privata;In marcia / fermata / arresto;Conducente;M;Illeso;0;;Non accertato;Inesploso
3369658;20;25/06/2017 22:45;Regionale entro l'abitato;VIA FLAMINIA;da specificare;;;;pross. Km. 15,700;Ribaltamento senza urto contro ostacolo fisso;Curva a visuale libera;Una carreggiata a senso unico di marcia;Asciutto;Asfaltata;Verticale ed orizzontale;Sereno;Normale;Insufficiente;Inesistente;2;0;0;0;12,48574;42,04845;-1;1;Autovettura privata;In marcia / fermata / arresto;Conducente;M;Rimandato;0;NON DECEDUTO;;
3369658;20;25/06/2017 22:45;Regionale entro l'abitato;VIA FLAMINIA;da specificare;;;;pross. Km. 15,700;Ribaltamento senza urto contro ostacolo fisso;Curva a visuale libera;Una carreggiata a senso unico di marcia;Asciutto;Asfaltata;Verticale ed orizzontale;Sereno;Normale;Insufficiente;Inesistente;2;0;0;0;12,48574;42,04845;-1;1;Autovettura privata;In marcia / fermata / arresto;Passeggero;M;Rimandato;0;NON DECEDUTO;;
3369666;11;25/06/2017 01:30;Strada Urbana;VIA CRISTOFORO COLOMBO;da specificare;;;;ALTEZZA PIAZZA NAZIONI UNITE;Investimento di pedone;Rettilineo;Più di due carreggiate;Asciutto;Asfaltata;Verticale ed orizzontale;Sereno;Normale;Buona;Sufficiente;0;1;0;1;12,472;41,8358;-1;;;;Pedone;M;Prognosi riservata;0;NON DECEDUTO;;
3369666;11;25/06/2017 01:30;Strada Urbana;VIA CRISTOFORO COLOMBO;da specificare;;;;ALTEZZA PIAZZA NAZIONI UNITE;Investimento di pedone;Rettilineo;Più di due carreggiate;Asciutto;Asfaltata;Verticale ed orizzontale;Sereno;Normale;Buona;Sufficiente;0;1;0;1;12,472;41,8358;-1;1;Motociclo a solo;In marcia / fermata / arresto;Conducente;M;Illeso;0;;;
3369667;13;25/06/2017 17:15;Strada Urbana;VIA LIDO DI CASTEL PORZIANO;da specificare;;;;prossimità Via Litoranea;Scontro laterale fra veicoli in marcia;Rettilineo;Una carreggiata a doppio senso;Asciutto;Asfaltata;Orizzontale;Nuvoloso;Normale;Buona;Ore Diurne;3;0;0;1;12,35069;41,71813;-1;1;Autovettura privata;In marcia / fermata / arresto;Conducente;M;Rimandato;0;NON DECEDUTO;Non accertato;Inesploso
3369667;13;25/06/2017 17:15;Strada Urbana;VIA LIDO DI CASTEL PORZIANO;da specificare;;;;prossimità Via Litoranea;Scontro laterale fra veicoli in marcia;Rettilineo;Una carreggiata a doppio senso;Asciutto;Asfaltata;Orizzontale;Nuvoloso;Normale;Buona;Ore Diurne;3;0;0;1;12,35069;41,71813;-1;1;Autovettura privata;In marcia / fermata / arresto;Passeggero;F;Illeso;0;;Non accertato;Inesploso
3369667;13;25/06/2017 17:15;Strada Urbana;VIA LIDO DI CASTEL PORZIANO;da specificare;;;;prossimità Via Litoranea;Scontro laterale fra veicoli in marcia;Rettilineo;Una carreggiata a doppio senso;Asciutto;Asfaltata;Orizzontale;Nuvoloso;Normale;Buona;Ore Diurne;3;0;0;1;12,35069;41,71813;-1;2;Motociclo a solo;In marcia / fermata / arresto;Conducente;M;Ricoverato;0;NON DECEDUTO;Non accertato;
3369667;13;25/06/2017 17:15;Strada Urbana;VIA LIDO DI CASTEL PORZIANO;da specificare;;;;prossimità Via Litoranea;Scontro laterale fra veicoli in marcia;Rettilineo;Una carreggiata a doppio senso;Asciutto;Asfaltata;Orizzontale;Nuvoloso;Normale;Buona;Ore Diurne;3;0;0;1;12,35069;41,71813;-1;2;Motociclo a solo;In marcia / fermata / arresto;Passeggero;M;Rimandato;0;NON DECEDUTO;Non accertato;
3369674;9;26/06/2017 07:10;Strada Urbana;VIALE CASTRENSE;da specificare;;;;FRONTE CIVICO 9;Veicolo in marcia contro veicoli in arresto;Rettilineo;Più di due carreggiate;Asciutto;Asfaltata;Verticale ed orizzontale;Sereno;Normale;Buona;Ore Diurne;0;0;0;2;12,51557;41,88721;-1;1;Autovettura privata;In marcia / fermata / arresto;Conducente;F;Illeso;0;;Utilizzato;Inesploso
3369674;9;26/06/2017 07:10;Strada Urbana;VIALE CASTRENSE;da specificare;;;;FRONTE CIVICO 9;Veicolo in marcia contro veicoli in arresto;Rettilineo;Più di due carreggiate;Asciutto;Asfaltata;Verticale ed orizzontale;Sereno;Normale;Buona;Ore Diurne;0;0;0;2;12,51557;41,88721;-1;2;Autovettura privata;In marcia / fermata / arresto;Conducente;M;Illeso;0;;Utilizzato;Inesploso
3369675;20;26/06/2017 00:30;Strada Urbana;CORSO DI FRANCIA;in prossimità;;del civico n.;80;;Tamponamento Multiplo;Rettilineo;Una carreggiata a senso unico di marcia;Asciutto;Asfaltata;Verticale ed orizzontale;Sereno;Intenso;Sufficiente;Sufficiente;0;0;0;5;12,47151;41,9399;-1;1;Autovettura privata;In marcia / fermata / arresto;Conducente;M;Illeso;0;;Non accertato;
3369675;20;26/06/2017 00:30;Strada Urbana;CORSO DI FRANCIA;in prossimità;;del civico n.;80;;Tamponamento Multiplo;Rettilineo;Una carreggiata a senso unico di marcia;Asciutto;Asfaltata;Verticale ed orizzontale;Sereno;Intenso;Sufficiente;Sufficiente;0;0;0;5;12,47151;41,9399;-1;1;Autovettura privata;In marcia / fermata / arresto;Passeggero;F;Illeso;0;;Non accertato;
3369675;20;26/06/2017 00:30;Strada Urbana;CORSO DI FRANCIA;in prossimità;;del civico n.;80;;Tamponamento Multiplo;Rettilineo;Una carreggiata a senso unico di marcia;Asciutto;Asfaltata;Verticale ed orizzontale;Sereno;Intenso;Sufficiente;Sufficiente;0;0;0;5;12,47151;41,9399;-1;2;Autovettura privata;In marcia / fermata / arresto;Conducente;M;Illeso;0;;Non accertato;
3369675;20;26/06/2017 00:30;Strada Urbana;CORSO DI FRANCIA;in prossimità;;del civico n.;80;;Tamponamento Multiplo;Rettilineo;Una carreggiata a senso unico di marcia;Asciutto;Asfaltata;Verticale ed orizzontale;Sereno;Intenso;Sufficiente;Sufficiente;0;0;0;5;12,47151;41,9399;-1;3;Autovettura privata;In marcia / fermata / arresto;Conducente;M;Illeso;0;;Non accertato;
3369675;20;26/06/2017 00:30;Strada Urbana;CORSO DI FRANCIA;in prossimità;;del civico n.;80;;Tamponamento Multiplo;Rettilineo;Una carreggiata a senso unico di marcia;Asciutto;Asfaltata;Verticale ed orizzontale;Sereno;Intenso;Sufficiente;Sufficiente;0;0;0;5;12,47151;41,9399;-1;3;Autovettura privata;In marcia / fermata / arresto;Passeggero;F;Illeso;0;;;
3369677;7;24/06/2017 01:25;Strada Urbana;VIA DEI GELSI;all'intersezione con;VIALE DELLE ORCHIDEE;VIALE DELLE ORCHIDEE;;;Scontro frontale fra veicoli in marcia;Incrocio;Due carreggiate;Asciutto;Asfaltata;Verticale ed orizzontale;Sereno;Scarso;Sufficiente;Sufficiente;1;0;0;1;12,56912;41,88929;-1;1;Autovettura privata;In marcia / fermata / arresto;Conducente;M;Illeso;0;;;
3369677;7;24/06/2017 01:25;Strada Urbana;VIA DEI GELSI;all'intersezione con;VIALE DELLE ORCHIDEE;VIALE DELLE ORCHIDEE;;;Scontro frontale fra veicoli in marcia;Incrocio;Due carreggiate;Asciutto;Asfaltata;Verticale ed orizzontale;Sereno;Scarso;Sufficiente;Sufficiente;1;0;0;1;12,56912;41,88929;-1;2;Motociclo a solo;In marcia / fermata / arresto;Conducente;M;Ricoverato;0;NON DECEDUTO;;
3369681;4;23/06/2017 06:50;Strada Urbana;VIA MONTE ROCCHETTA;all'intersezione con;VIA MONTE CROCE;VIA MONTE CROCE;;;Scontro frontale/laterale DX fra veicoli in marcia;Intersezione stradale segnalata;Una carreggiata a doppio senso;Asciutto;Asfaltata;Verticale ed orizzontale;Sereno;Normale;Buona;Ore Diurne;1;0;0;2;12,53171;41,94726;-1;1;Autovettura privata;In marcia / fermata / arresto;Conducente;M;Illeso;0;;;
3369681;4;23/06/2017 06:50;Strada Urbana;VIA MONTE ROCCHETTA;all'intersezione con;VIA MONTE CROCE;VIA MONTE CROCE;;;Scontro frontale/laterale DX fra veicoli in marcia;Intersezione stradale segnalata;Una carreggiata a doppio senso;Asciutto;Asfaltata;Verticale ed orizzontale;Sereno;Normale;Buona;Ore Diurne;1;0;0;2;12,53171;41,94726;-1;2;Motociclo a solo;In marcia / fermata / arresto;Conducente;M;Illeso;0;;Non accertato;
3369681;4;23/06/2017 06:50;Strada Urbana;VIA MONTE ROCCHETTA;all'intersezione con;VIA MONTE CROCE;VIA MONTE CROCE;;;Scontro frontale/laterale DX fra veicoli in marcia;Intersezione stradale segnalata;Una carreggiata a doppio senso;Asciutto;Asfaltata;Verticale ed orizzontale;Sereno;Normale;Buona;Ore Diurne;1;0;0;2;12,53171;41,94726;-1;2;Motociclo a solo;In marcia / fermata / arresto;Passeggero;M;Rimandato;0;NON DECEDUTO;;
3369688;11;24/06/2017 12:20;Strada Urbana;VIA DI GROTTA PERFETTA;in corrispondenza;;del palo luce n.;98;;Tamponamento;Curva a visuale libera;Una carreggiata a doppio senso;Asciutto;Asfaltata;Verticale ed orizzontale;Sereno;Normale;Buona;Ore Diurne;0;0;0;4;12,50168;41,84052;-1;1;Autovettura privata;In marcia / fermata / arresto;Conducente;F;Illeso;0;;Non accertato;
3369688;11;24/06/2017 12:20;Strada Urbana;VIA DI GROTTA PERFETTA;in corrispondenza;;del palo luce n.;98;;Tamponamento;Curva a visuale libera;Una carreggiata a doppio senso;Asciutto;Asfaltata;Verticale ed orizzontale;Sereno;Normale;Buona;Ore Diurne;0;0;0;4;12,50168;41,84052;-1;1;Autovettura privata;In marcia / fermata / arresto;Passeggero;F;Illeso;0;;;
3369688;11;24/06/2017 12:20;Strada Urbana;VIA DI GROTTA PERFETTA;in corrispondenza;;del palo luce n.;98;;Tamponamento;Curva a visuale libera;Una carreggiata a doppio senso;Asciutto;Asfaltata;Verticale ed orizzontale;Sereno;Normale;Buona;Ore Diurne;0;0;0;4;12,50168;41,84052;-1;2;Autovettura privata;In marcia / fermata / arresto;Conducente;F;Illeso;0;;Non accertato;
3369688;11;24/06/2017 12:20;Strada Urbana;VIA DI GROTTA PERFETTA;in corrispondenza;;del palo luce n.;98;;Tamponamento;Curva a visuale libera;Una carreggiata a doppio senso;Asciutto;Asfaltata;Verticale ed orizzontale;Sereno;Normale;Buona;Ore Diurne;0;0;0;4;12,50168;41,84052;-1;2;Autovettura privata;In marcia / fermata / arresto;Passeggero;F;Illeso;0;;Non accertato;
3369692;4;23/06/2017 15:25;Strada Urbana;VIA CORTONA;da specificare;;;;cavalcavia Via Salaria dir. Rieti;Scontro frontale/laterale DX fra veicoli in marcia;Cavalcavia;Una carreggiata a doppio senso;Asciutto;Asfaltata;Verticale ed orizzontale;Sereno;Normale;Buona;Ore Diurne;1;0;0;1;12,50673;41,96787;-1;1;Autovettura privata;In marcia / fermata / arresto;Conducente;F;Illeso;0;;Non accertato;Inesploso
3369692;4;23/06/2017 15:25;Strada Urbana;VIA CORTONA;da specificare;;;;cavalcavia Via Salaria dir. Rieti;Scontro frontale/laterale DX fra veicoli in marcia;Cavalcavia;Una carreggiata a doppio senso;Asciutto;Asfaltata;Verticale ed orizzontale;Sereno;Normale;Buona;Ore Diurne;1;0;0;1;12,50673;41,96787;-1;2;Autovettura privata;In marcia / fermata / arresto;Conducente;M;Rimandato;0;NON DECEDUTO;Non accertato;Inesploso
3369695;5;25/06/2017 14:40;Strada Urbana;VIA FABRIANO;all'intersezione con;VIA FIUMINATA;VIA FIUMINATA;;;Scontro frontale/laterale SX fra veicoli in marcia;Incrocio;Una carreggiata a doppio senso;Asciutto;Asfaltata;Verticale ed orizzontale;Sereno;Scarso;Buona;Ore Diurne;0;0;0;3;12,58444;41,9408;-1;1;Autovettura privata;In marcia / fermata / arresto;Conducente;F;Illeso;0;;Non accertato;Inesploso
3369695;5;25/06/2017 14:40;Strada Urbana;VIA FABRIANO;all'intersezione con;VIA FIUMINATA;VIA FIUMINATA;;;Scontro frontale/laterale SX fra veicoli in marcia;Incrocio;Una carreggiata a doppio senso;Asciutto;Asfaltata;Verticale ed orizzontale;Sereno;Scarso;Buona;Ore Diurne;0;0;0;3;12,58444;41,9408;-1;1;Autovettura privata;In marcia / fermata / arresto;Passeggero;F;Illeso;0;;Non accertato;Inesploso
3369695;5;25/06/2017 14:40;Strada Urbana;VIA FABRIANO;all'intersezione con;VIA FIUMINATA;VIA FIUMINATA;;;Scontro frontale/laterale SX fra veicoli in marcia;Incrocio;Una carreggiata a doppio senso;Asciutto;Asfaltata;Verticale ed orizzontale;Sereno;Scarso;Buona;Ore Diurne;0;0;0;3;12,58444;41,9408;-1;2;Autovettura privata;In marcia / fermata / arresto;Conducente;M;Illeso;0;;Non accertato;Inesploso
3369700;20;25/06/2017 08:50;Strada Urbana;VIA CASSIA;in prossimità;;del civico n.;818;;Tamponamento;Rettilineo;Una carreggiata a doppio senso;Asciutto;Asfaltata;Verticale ed orizzontale;Sereno;Normale;Buona;Ore Diurne;0;0;0;3;12,43974;41,96728;-1;1;Autovettura privata;In marcia / fermata / arresto;Conducente;M;Illeso;0;;;
3369700;20;25/06/2017 08:50;Strada Urbana;VIA CASSIA;in prossimità;;del civico n.;818;;Tamponamento;Rettilineo;Una carreggiata a doppio senso;Asciutto;Asfaltata;Verticale ed orizzontale;Sereno;Normale;Buona;Ore Diurne;0;0;0;3;12,43974;41,96728;-1;2;Autovettura privata;In marcia / fermata / arresto;Conducente;M;Illeso;0;;;
3369700;20;25/06/2017 08:50;Strada Urbana;VIA CASSIA;in prossimità;;del civico n.;818;;Tamponamento;Rettilineo;Una carreggiata a doppio senso;Asciutto;Asfaltata;Verticale ed orizzontale;Sereno;Normale;Buona;Ore Diurne;0;0;0;3;12,43974;41,96728;-1;2;Autovettura privata;In marcia / fermata / arresto;Passeggero;F;Illeso;0;;;
3369702;1;24/06/2017 22:25;Strada Urbana;VIA DEL PLEBISCITO;in prossimità;;del civico n.;117;;Investimento di pedone;Rettilineo;Una carreggiata a senso unico di marcia;Asciutto;Asfaltata;Verticale ed orizzontale;Sereno;Normale;Sufficiente;Sufficiente;1;0;0;1;12,48171;41,89663;-1;;;;Pedone;M;Rimandato;0;NON DECEDUTO;;
3369702;1;24/06/2017 22:25;Strada Urbana;VIA DEL PLEBISCITO;in prossimità;;del civico n.;117;;Investimento di pedone;Rettilineo;Una carreggiata a senso unico di marcia;Asciutto;Asfaltata;Verticale ed orizzontale;Sereno;Normale;Sufficiente;Sufficiente;1;0;0;1;12,48171;41,89663;-1;1;Autovettura privata;In marcia / fermata / arresto;Conducente;F;Illeso;0;;Utilizzato;Inesploso
3369709;5;25/06/2017 21:50;Strada Urbana;VIALE KANT;all'intersezione semaforizzata con;VIA ADRIANO FIORI;VIA ADRIANO FIORI;;;Scontro frontale/laterale DX fra veicoli in marcia;Intersezione semaforizzata;Più di due carreggiate;Asciutto;Asfaltata;Verticale ed orizzontale;Sereno;Scarso;Buona;Sufficiente;0;0;0;3;12,554;41,93552;-1;1;Autovettura di polizia;In marcia / fermata / arresto;Conducente;M;Illeso;0;;Non accertato;Inesploso
3369709;5;25/06/2017 21:50;Strada Urbana;VIALE KANT;all'intersezione semaforizzata con;VIA ADRIANO FIORI;VIA ADRIANO FIORI;;;Scontro frontale/laterale DX fra veicoli in marcia;Intersezione semaforizzata;Più di due carreggiate;Asciutto;Asfaltata;Verticale ed orizzontale;Sereno;Scarso;Buona;Sufficiente;0;0;0;3;12,554;41,93552;-1;1;Autovettura di polizia;In marcia / fermata / arresto;Passeggero;M;Illeso;0;;Non accertato;Inesistente
3369709;5;25/06/2017 21:50;Strada Urbana;VIALE KANT;all'intersezione semaforizzata con;VIA ADRIANO FIORI;VIA ADRIANO FIORI;;;Scontro frontale/laterale DX fra veicoli in marcia;Intersezione semaforizzata;Più di due carreggiate;Asciutto;Asfaltata;Verticale ed orizzontale;Sereno;Scarso;Buona;Sufficiente;0;0;0;3;12,554;41,93552;-1;2;Autovettura privata;In marcia / fermata / arresto;Conducente;M;Illeso;0;;Non accertato;Inesploso
3369722;11;25/06/2017 22:00;Strada Urbana;VIA DEI MONTI DI S. PAOLO;all'intersezione con;VIA GIOVANNI FRANZONI;VIA GIOVANNI FRANZONI;;;Scontro frontale/laterale SX fra veicoli in marcia;Incrocio;Una carreggiata a doppio senso;Asciutto;Asfaltata;Verticale;Sereno;Normale;Sufficiente;Sufficiente;4;0;0;0;12,35875;41,78713;-1;1;Autovettura privata;In marcia / fermata / arresto;Conducente;F;Rimandato;0;NON DECEDUTO;Non accertato;
3369722;11;25/06/2017 22:00;Strada Urbana;VIA DEI MONTI DI S. PAOLO;all'intersezione con;VIA GIOVANNI FRANZONI;VIA GIOVANNI FRANZONI;;;Scontro frontale/laterale SX fra veicoli in marcia;Incrocio;Una carreggiata a doppio senso;Asciutto;Asfaltata;Verticale;Sereno;Normale;Sufficiente;Sufficiente;4;0;0;0;12,35875;41,78713;-1;1;Autovettura privata;In marcia / fermata / arresto;Passeggero;M;Rimandato;0;NON DECEDUTO;;
3369722;11;25/06/2017 22:00;Strada Urbana;VIA DEI MONTI DI S. PAOLO;all'intersezione con;VIA GIOVANNI FRANZONI;VIA GIOVANNI FRANZONI;;;Scontro frontale/laterale SX fra veicoli in marcia;Incrocio;Una carreggiata a doppio senso;Asciutto;Asfaltata;Verticale;Sereno;Normale;Sufficiente;Sufficiente;4;0;0;0;12,35875;41,78713;-1;2;Autovettura privata;In marcia / fermata / arresto;Conducente;M;Rimandato;0;NON DECEDUTO;Non accertato;
3369722;11;25/06/2017 22:00;Strada Urbana;VIA DEI MONTI DI S. PAOLO;all'intersezione con;VIA GIOVANNI FRANZONI;VIA GIOVANNI FRANZONI;;;Scontro frontale/laterale SX fra veicoli in marcia;Incrocio;Una carreggiata a doppio senso;Asciutto;Asfaltata;Verticale;Sereno;Normale;Sufficiente;Sufficiente;4;0;0;0;12,35875;41,78713;-1;2;Autovettura privata;In marcia / fermata / arresto;Passeggero;F;Rimandato;0;NON DECEDUTO;;
3369731;4;24/06/2017 13:00;Strada Urbana;VIA COMANO;all'intersezione con;VIA MOLAZZANA;VIA MOLAZZANA;;;Infortunio per sola frenata improvvisa;Incrocio;Una carreggiata a doppio senso;Asciutto;Asfaltata;Verticale ed orizzontale;Sereno;Scarso;Buona;Ore Diurne;1;0;0;2;12,51322;41,95486;-1;1;Autobus urbano;In marcia / fermata / arresto;Conducente;M;Illeso;0;;;
3369731;4;24/06/2017 13:00;Strada Urbana;VIA COMANO;all'intersezione con;VIA MOLAZZANA;VIA MOLAZZANA;;;Infortunio per sola frenata improvvisa;Incrocio;Una carreggiata a doppio senso;Asciutto;Asfaltata;Verticale ed orizzontale;Sereno;Scarso;Buona;Ore Diurne;1;0;0;2;12,51322;41,95486;-1;1;Autobus urbano;In marcia / fermata / arresto;Passeggero;F;Ricoverato;0;NON DECEDUTO;;
3369731;4;24/06/2017 13:00;Strada Urbana;VIA COMANO;all'intersezione con;VIA MOLAZZANA;VIA MOLAZZANA;;;Infortunio per sola frenata improvvisa;Incrocio;Una carreggiata a doppio senso;Asciutto;Asfaltata;Verticale ed orizzontale;Sereno;Scarso;Buona;Ore Diurne;1;0;0;2;12,51322;41,95486;-1;1;Autobus urbano;In marcia / fermata / arresto;Passeggero;F;Illeso;0;;;
3369756;11;25/06/2017 12:50;Strada Urbana;VIA DEL SERAFICO;all'intersezione semaforizzata con;VIA SIMONE MARTINI;VIA SIMONE MARTINI;;;Scontro frontale fra veicoli in marcia;Intersezione semaforizzata;Una carreggiata a senso unico di marcia;Asciutto;Asfaltata;Verticale ed orizzontale;Sereno;Normale;Buona;Ore Diurne;1;0;0;1;12,48815;41,83037;-1;1;Autovettura privata;In marcia / fermata / arresto;Conducente;F;Rimandato;0;NON DECEDUTO;;
3369756;11;25/06/2017 12:50;Strada Urbana;VIA DEL SERAFICO;all'intersezione semaforizzata con;VIA SIMONE MARTINI;VIA SIMONE MARTINI;;;Scontro frontale fra veicoli in marcia;Intersezione semaforizzata;Una carreggiata a senso unico di marcia;Asciutto;Asfaltata;Verticale ed orizzontale;Sereno;Normale;Buona;Ore Diurne;1;0;0;1;12,48815;41,83037;-1;2;Autovettura privata;In marcia / fermata / arresto;Conducente;M;Illeso;0;;;
3369763;19;23/06/2017 09:45;Strada Urbana;VIA DI TORREVECCHIA;in corrispondenza;;del civico n.;345;;Ribaltamento senza urto contro ostacolo fisso;Rettilineo;Una carreggiata a doppio senso;Asciutto;Asfaltata;Verticale ed orizzontale;Sereno;Normale;Buona;Ore Diurne;1;0;0;1;12,41524;41,92639;-1;1;Autovettura privata;In marcia / fermata / arresto;Conducente;M;Illeso;0;;Non accertato;Inesploso
3369763;19;23/06/2017 09:45;Strada Urbana;VIA DI TORREVECCHIA;in corrispondenza;;del civico n.;345;;Ribaltamento senza urto contro ostacolo fisso;Rettilineo;Una carreggiata a doppio senso;Asciutto;Asfaltata;Verticale ed orizzontale;Sereno;Normale;Buona;Ore Diurne;1;0;0;1;12,41524;41,92639;-1;2;Motociclo a solo;In marcia / fermata / arresto;Conducente;M;Rimandato;0;NON DECEDUTO;Non accertato;
3369775;1;25/06/2017 12:45;Strada Urbana;VIA VENTI SETTEMBRE;in corrispondenza;;del civico n.;56;;Scontro laterale fra veicoli in marcia;Rettilineo;Due carreggiate;Asciutto;Asfaltata;Verticale ed orizzontale;Sereno;Scarso;Buona;Ore Diurne;1;0;0;3;12,49824;41,90754;-1;1;Velocipede;In marcia / fermata / arresto;Conducente;M;Rimandato;0;NON DECEDUTO;Esente;
3369775;1;25/06/2017 12:45;Strada Urbana;VIA VENTI SETTEMBRE;in corrispondenza;;del civico n.;56;;Scontro laterale fra veicoli in marcia;Rettilineo;Due carreggiate;Asciutto;Asfaltata;Verticale ed orizzontale;Sereno;Scarso;Buona;Ore Diurne;1;0;0;3;12,49824;41,90754;-1;2;Autovettura privata;In marcia / fermata / arresto;Conducente;M;Illeso;0;;;