Protocollo;Gruppo;DataOraIncidente;Localizzazione1;STRADA1;Localizzazione2;STRADA2;Strada02;Chilometrica;DaSpecificare;NaturaIncidente;particolaritastrade;TipoStrada;FondoStradale;Pavimentazione;Segnaletica;CondizioneAtmosferica;Traffico;Visibilita;Illuminazione;NUM_FERITI;NUM_RISERVATA;NUM_MORTI;NUM_ILLESI;Longitudine;Latitudine;Confermato;Progressivo;TipoVeicolo;StatoVeicolo;TipoPersona;Sesso;Tipolesione;Deceduto;DecedutoDopo;CinturaCascoUtilizzato;Airbag
3374590;1;28/06/2017 16:30;Strada Urbana;VIA DANDOLO;all'intersezione con;VIA NICOLA FABRIZI;VIA NICOLA FABRIZI;;;Scontro frontale/laterale DX fra veicoli in marcia;Incrocio;Una carreggiata a senso unico di marcia;Bagnato (pioggia);Asfaltata;Verticale ed orizzontale;Sereno;Normale;Buona;Ore Diurne;1;0;0;2;12,4664;41,88522;-1;1;Autovettura privata;In marcia / fermata / arresto;Conducente;M;Illeso;0;;;
3374590;1;28/06/2017 16:30;Strada Urbana;VIA DANDOLO;all'intersezione con;VIA NICOLA FABRIZI;VIA NICOLA FABRIZI;;;Scontro frontale/laterale DX fra veicoli in marcia;Incrocio;Una carreggiata a senso unico di marcia;Bagnato (pioggia);Asfaltata;Verticale ed orizzontale;Sereno;Normale;Buona;Ore Diurne;1;0;0;2;12,4664;41,88522;-1;1;Autovettura privata;In marcia / fermata / arresto;Passeggero;F;Illeso;0;;;
3374590;1;28/06/2017 16:30;Strada Urbana;VIA DANDOLO;all'intersezione con;VIA NICOLA FABRIZI;VIA NICOLA FABRIZI;;;Scontro frontale/laterale DX fra veicoli in marcia;Incrocio;Una carreggiata a senso unico di marcia;Bagnato (pioggia);Asfaltata;Verticale ed orizzontale;Sereno;Normale;Buona;Ore Diurne;1;0;0;2;12,4664;41,88522;-1;2;Motociclo a solo;In marcia / fermata / arresto;Conducente;M;Rimandato;0;NON DECEDUTO;;
3374612;1;29/06/2017 04:20;Strada Urbana;VIA ELENIANA;in prossimità;;del civico n.;2B;;Veicolo in marcia contro veicolo in sosta;Curva a visuale libera;Più di due carreggiate;Asciutto;Asfaltata;Verticale ed orizzontale;Nuvoloso;Scarso;Buona;Sufficiente;0;0;0;2;12,51468;41,89035;-1;1;Autovettura privata;In marcia / fermata / arresto;Conducente;F;Illeso;0;;;Inesploso
3374612;1;29/06/2017 04:20;Strada Urbana;VIA ELENIANA;in prossimità;;del civico n.;2B;;Veicolo in marcia contro veicolo in sosta;Curva a visuale libera;Più di due carreggiate;Asciutto;Asfaltata;Verticale ed orizzontale;Nuvoloso;Scarso;Buona;Sufficiente;0;0;0;2;12,51468;41,89035;-1;1;Autovettura privata;In marcia / fermata / arresto;Passeggero;F;Illeso;0;;;
3374668;10;29/06/2017 08:30;Strada Urbana;VIA RANUCCIO BIANCHI BANDINELLI;da specificare;;;;alt. via P.V. Aldini;Tamponamento;Rettilineo;Una carreggiata a doppio senso;Asciutto;Asfaltata;Verticale ed orizzontale;Sereno;Normale;Buona;Ore Diurne;1;0;0;1;12,58194;41,82152;-1;1;Autovettura privata;In marcia / fermata / arresto;Conducente;M;Illeso;0;;Non accertato;Inesploso
3374668;10;29/06/2017 08:30;Strada Urbana;VIA RANUCCIO BIANCHI BANDINELLI;da specificare;;;;alt. via P.V. Aldini;Tamponamento;Rettilineo;Una carreggiata a doppio senso;Asciutto;Asfaltata;Verticale ed orizzontale;Sereno;Normale;Buona;Ore Diurne;1;0;0;1;12,58194;41,82152;-1;2;Motociclo a solo;In marcia / fermata / arresto;Conducente;M;Rimandato;0;NON DECEDUTO;Non accertato;
3374748;2;28/06/2017 10:25;Strada Urbana;VIALE DEL MURO TORTO;da specificare;;;;prossimità P.le Flaminio.;Tamponamento;Rettilineo;Due carreggiate;Bagnato (umidità in atto);Asfaltata;Verticale ed orizzontale;Nuvoloso;Intenso;Buona;Ore Diurne;0;0;0;2;12,4817;41,91072;-1;1;Autovettura privata;In marcia / fermata / arresto;Conducente;F;Illeso;0;;Non accertato;Inesploso
3374748;2;28/06/2017 10:25;Strada Urbana;VIALE DEL MURO TORTO;da specificare;;;;prossimità P.le Flaminio.;Tamponamento;Rettilineo;Due carreggiate;Bagnato (umidità in atto);Asfaltata;Verticale ed orizzontale;Nuvoloso;Intenso;Buona;Ore Diurne;0;0;0;2;12,4817;41,91072;-1;2;Autovettura privata;In marcia / fermata / arresto;Conducente;M;Illeso;0;;Non accertato;Inesploso
3374759;2;28/06/2017 09:30;Strada Urbana;PIAZZALE DEL PARCO DELLA RIMEMBRANZA;all'intersezione con;VIALE MARESCIALLO PILSUDSKI;VIALE MARESCIALLO PILSUDSKI;;;Ribaltamento senza urto contro ostacolo fisso;Incrocio;Una carreggiata a doppio senso;Bagnato (umidità in atto);Asfaltata;Verticale ed orizzontale;Nuvoloso;Normale;Buona;Ore Diurne;1;0;0;0;12,48278;41,92893;-1;1;Motociclo a solo;In marcia / fermata / arresto;Conducente;F;Rimandato;0;NON DECEDUTO;Non accertato;
3374770;2;28/06/2017 13:15;Strada Urbana;VIALE ARRIGO BOITO;all'intersezione con;VIA FILIPPO MARCHETTI;VIA FILIPPO MARCHETTI;;;Scontro laterale fra veicoli in marcia;Incrocio;Più di due carreggiate;Bagnato (pioggia);Asfaltata;Verticale ed orizzontale;Nuvoloso;Scarso;Buona;Ore Diurne;2;0;0;7;12,51633;41,93683;-1;1;Autovettura privata;In marcia / fermata / arresto;Conducente;M;Illeso;0;;;
3374770;2;28/06/2017 13:15;Strada Urbana;VIALE ARRIGO BOITO;all'intersezione con;VIA FILIPPO MARCHETTI;VIA FILIPPO MARCHETTI;;;Scontro laterale fra veicoli in marcia;Incrocio;Più di due carreggiate;Bagnato (pioggia);Asfaltata;Verticale ed orizzontale;Nuvoloso;Scarso;Buona;Ore Diurne;2;0;0;7;12,51633;41,93683;-1;1;Autovettura privata;In marcia / fermata / arresto;Passeggero;F;Rimandato;0;NON DECEDUTO;Non accertato;Inesploso
3374770;2;28/06/2017 13:15;Strada Urbana;VIALE ARRIGO BOITO;all'intersezione con;VIA FILIPPO MARCHETTI;VIA FILIPPO MARCHETTI;;;Scontro laterale fra veicoli in marcia;Incrocio;Più di due carreggiate;Bagnato (pioggia);Asfaltata;Verticale ed orizzontale;Nuvoloso;Scarso;Buona;Ore Diurne;2;0;0;7;12,51633;41,93683;-1;2;Autovettura privata;In marcia / fermata / arresto;Conducente;F;Illeso;0;;Non accertato;Inesploso
3374770;2;28/06/2017 13:15;Strada Urbana;VIALE ARRIGO BOITO;all'intersezione con;VIA FILIPPO MARCHETTI;VIA FILIPPO MARCHETTI;;;Scontro laterale fra veicoli in marcia;Incrocio;Più di due carreggiate;Bagnato (pioggia);Asfaltata;Verticale ed orizzontale;Nuvoloso;Scarso;Buona;Ore Diurne;2;0;0;7;12,51633;41,93683;-1;2;Autovettura privata;In marcia / fermata / arresto;Passeggero;F;Illeso;0;;;
3374770;2;28/06/2017 13:15;Strada Urbana;VIALE ARRIGO BOITO;all'intersezione con;VIA FILIPPO MARCHETTI;VIA FILIPPO MARCHETTI;;;Scontro laterale fra veicoli in marcia;Incrocio;Più di due carreggiate;Bagnato (pioggia);Asfaltata;Verticale ed orizzontale;Nuvoloso;Scarso;Buona;Ore Diurne;2;0;0;7;12,51633;41,93683;-1;2;Autovettura privata;In marcia / fermata / arresto;Passeggero;F;Illeso;0;;;
3374770;2;28/06/2017 13:15;Strada Urbana;VIALE ARRIGO BOITO;all'intersezione con;VIA FILIPPO MARCHETTI;VIA FILIPPO MARCHETTI;;;Scontro laterale fra veicoli in marcia;Incrocio;Più di due carreggiate;Bagnato (pioggia);Asfaltata;Verticale ed orizzontale;Nuvoloso;Scarso;Buona;Ore Diurne;2;0;0;7;12,51633;41,93683;-1;2;Autovettura privata;In marcia / fermata / arresto;Passeggero;F;Illeso;0;;;
3374770;2;28/06/2017 13:15;Strada Urbana;VIALE ARRIGO BOITO;all'intersezione con;VIA FILIPPO MARCHETTI;VIA FILIPPO MARCHETTI;;;Scontro laterale fra veicoli in marcia;Incrocio;Più di due carreggiate;Bagnato (pioggia);Asfaltata;Verticale ed orizzontale;Nuvoloso;Scarso;Buona;Ore Diurne;2;0;0;7;12,51633;41,93683;-1;2;Autovettura privata;In marcia / fermata / arresto;Passeggero;F;Illeso;0;;;
3374770;2;28/06/2017 13:15;Strada Urbana;VIALE ARRIGO BOITO;all'intersezione con;VIA FILIPPO MARCHETTI;VIA FILIPPO MARCHETTI;;;Scontro laterale fra veicoli in marcia;Incrocio;Più di due carreggiate;Bagnato (pioggia);Asfaltata;Verticale ed orizzontale;Nuvoloso;Scarso;Buona;Ore Diurne;2;0;0;7;12,51633;41,93683;-1;2;Autovettura privata;In marcia / fermata / arresto;Passeggero;F;Rimandato;0;NON DECEDUTO;;
3374774;2;28/06/2017 13:45;Strada Urbana;VIA PANAMA;in prossimità;;del civico n.;94;;Scontro laterale fra veicoli in marcia;Rettilineo;Una carreggiata a doppio senso;Asciutto;Asfaltata;Orizzontale;Sereno;Intenso;Buona;Ore Diurne;1;0;0;2;12,49947;41,92423;-1;1;Autovettura privata;In marcia / fermata / arresto;Conducente;M;Illeso;0;;Non accertato;Inesploso
3374774;2;28/06/2017 13:45;Strada Urbana;VIA PANAMA;in prossimità;;del civico n.;94;;Scontro laterale fra veicoli in marcia;Rettilineo;Una carreggiata a doppio senso;Asciutto;Asfaltata;Orizzontale;Sereno;Intenso;Buona;Ore Diurne;1;0;0;2;12,49947;41,92423;-1;2;Ciclomotore;In marcia / fermata / arresto;Conducente;F;Rimandato;0;NON DECEDUTO;Non accertato;
3374774;2;28/06/2017 13:45;Strada Urbana;VIA PANAMA;in prossimità;;del civico n.;94;;Scontro laterale fra veicoli in marcia;Rettilineo;Una carreggiata a doppio senso;Asciutto;Asfaltata;Orizzontale;Sereno;Intenso;Buona;Ore Diurne;1;0;0;2;12,49947;41,92423;-1;2;Ciclomotore;In marcia / fermata / arresto;Passeggero;M;Illeso;0;;Non accertato;
3374776;2;28/06/2017 15:50;Strada Urbana;SOTTOVIA IGNAZIO GUIDI;da specificare;;;;alt. uscita P.le Brasile;Veicolo in marcia contro ostacolo fisso;Curva a visuale libera;Due carreggiate;Asciutto;Asfaltata;Verticale ed orizzontale;Sereno;Scarso;Buona;Ore Diurne;1;0;0;0;12,50175;41,90916;-1;1;Motociclo a solo;In marcia / fermata / arresto;Conducente;M;Rimandato;0;NON DECEDUTO;;
3374777;2;28/06/2017 18:55;Strada Urbana;VIA DI NOVELLA;all'intersezione con;VIA DI TRASONE;VIA DI TRASONE;;;Scontro frontale/laterale DX fra veicoli in marcia;Incrocio;Una carreggiata a doppio senso;Asciutto;Asfaltata;Verticale ed orizzontale;Sereno;Normale;Buona;Ore Diurne;0;0;0;2;12,51117;41,93001;-1;1;Autovettura privata;In marcia / fermata / arresto;Conducente;F;Illeso;0;;Non accertato;Inesploso
3374777;2;28/06/2017 18:55;Strada Urbana;VIA DI NOVELLA;all'intersezione con;VIA DI TRASONE;VIA DI TRASONE;;;Scontro frontale/laterale DX fra veicoli in marcia;Incrocio;Una carreggiata a doppio senso;Asciutto;Asfaltata;Verticale ed orizzontale;Sereno;Normale;Buona;Ore Diurne;0;0;0;2;12,51117;41,93001;-1;2;Quadriciclo leggero;In marcia / fermata / arresto;Conducente;M;Illeso;0;;Non accertato;Inesploso
3374779;2;28/06/2017 19:40;Strada Urbana;VIA DEL FORO ITALICO;da specificare;;;;alt. rampa via Salaria direz. Centro.;Scontro laterale fra veicoli in marcia;Curva a visuale libera;Due carreggiate;Asciutto;Asfaltata;Verticale ed orizzontale;Sereno;Normale;Buona;Ore Diurne;1;0;0;2;12,48375;41,93991;-1;1;Autovettura privata;In marcia / fermata / arresto;Conducente;F;Illeso;0;;Non accertato;Inesploso
3374779;2;28/06/2017 19:40;Strada Urbana;VIA DEL FORO ITALICO;da specificare;;;;alt. rampa via Salaria direz. Centro.;Scontro laterale fra veicoli in marcia;Curva a visuale libera;Due carreggiate;Asciutto;Asfaltata;Verticale ed orizzontale;Sereno;Normale;Buona;Ore Diurne;1;0;0;2;12,48375;41,93991;-1;1;Autovettura privata;In marcia / fermata / arresto;Passeggero;F;Illeso;0;;Non accertato;Inesploso
3374779;2;28/06/2017 19:40;Strada Urbana;VIA DEL FORO ITALICO;da specificare;;;;alt. rampa via Salaria direz. Centro.;Scontro laterale fra veicoli in marcia;Curva a visuale libera;Due carreggiate;Asciutto;Asfaltata;Verticale ed orizzontale;Sereno;Normale;Buona;Ore Diurne;1;0;0;2;12,48375;41,93991;-1;2;Motociclo a solo;In marcia / fermata / arresto;Conducente;M;Rifiuta cure immediate;0;NON DECEDUTO;Non accertato;
3374875;23;28/06/2017 21:50;Strada Urbana;PIAZZALE MARESCIALLO GIARDINO;all'intersezione semaforizzata con;LUNGOTEVERE MARESCIALLO CADORNA;LUNGOTEVERE MARESCIALLO CADORNA;;;Scontro laterale fra veicoli in marcia;Intersezione semaforizzata;Una carreggiata a senso unico di marcia;Asciutto;Asfaltata;Verticale ed orizzontale;Sereno;Intenso;Buona;Sufficiente;2;0;0;1;12,45857;41,924;-1;1;Motociclo a solo;In marcia / fermata / arresto;Conducente;M;Rimandato;0;NON DECEDUTO;Utilizzato;
3374875;23;28/06/2017 21:50;Strada Urbana;PIAZZALE MARESCIALLO GIARDINO;all'intersezione semaforizzata con;LUNGOTEVERE MARESCIALLO CADORNA;LUNGOTEVERE MARESCIALLO CADORNA;;;Scontro laterale fra veicoli in marcia;Intersezione semaforizzata;Una carreggiata a senso unico di marcia;Asciutto;Asfaltata;Verticale ed orizzontale;Sereno;Intenso;Buona;Sufficiente;2;0;0;1;12,45857;41,924;-1;1;Motociclo a solo;In marcia / fermata / arresto;Passeggero;M;Rimandato;0;NON DECEDUTO;Utilizzato;
3374875;23;28/06/2017 21:50;Strada Urbana;PIAZZALE MARESCIALLO GIARDINO;all'intersezione semaforizzata con;LUNGOTEVERE MARESCIALLO CADORNA;LUNGOTEVERE MARESCIALLO CADORNA;;;Scontro laterale fra veicoli in marcia;Intersezione semaforizzata;Una carreggiata a senso unico di marcia;Asciutto;Asfaltata;Verticale ed orizzontale;Sereno;Intenso;Buona;Sufficiente;2;0;0;1;12,45857;41,924;-1;2;Autovettura privata;In marcia / fermata / arresto;Conducente;M;Illeso;0;;Non accertato;Inesploso
3374877;23;28/06/2017 14:00;Comunale extraurbana;VIA CRISTOFORO COLOMBO;in corrispondenza;;della chilometrica;18.072;;Tamponamento Multiplo;Rettilineo;Più di due carreggiate;Asciutto;Asfaltata;Verticale ed orizzontale;Nuvoloso;Intenso;Buona;Ore Diurne;6;0;0;0;12,49637;41,87316;-1;1;Autovettura privata;In marcia / fermata / arresto;Conducente;F;Rifiuta cure immediate;0;NON DECEDUTO;Non accertato;Inesistente
3374877;23;28/06/2017 14:00;Comunale extraurbana;VIA CRISTOFORO COLOMBO;in corrispondenza;;della chilometrica;18.072;;Tamponamento Multiplo;Rettilineo;Più di due carreggiate;Asciutto;Asfaltata;Verticale ed orizzontale;Nuvoloso;Intenso;Buona;Ore Diurne;6;0;0;0;12,49637;41,87316;-1;2;Autovettura privata;In marcia / fermata / arresto;Conducente;F;Rifiuta cure immediate;0;NON DECEDUTO;Non accertato;Inesploso
3374877;23;28/06/2017 14:00;Comunale extraurbana;VIA CRISTOFORO COLOMBO;in corrispondenza;;della chilometrica;18.072;;Tamponamento Multiplo;Rettilineo;Più di due carreggiate;Asciutto;Asfaltata;Verticale ed orizzontale;Nuvoloso;Intenso;Buona;Ore Diurne;6;0;0;0;12,49637;41,87316;-1;2;Autovettura privata;In marcia / fermata / arresto;Passeggero;F;Rifiuta cure immediate;0;NON DECEDUTO;Non accertato;Inesistente
3374877;23;28/06/2017 14:00;Comunale extraurbana;VIA CRISTOFORO COLOMBO;in corrispondenza;;della chilometrica;18.072;;Tamponamento Multiplo;Rettilineo;Più di due carreggiate;Asciutto;Asfaltata;Verticale ed orizzontale;Nuvoloso;Intenso;Buona;Ore Diurne;6;0;0;0;12,49637;41,87316;-1;2;Autovettura privata;In marcia / fermata / arresto;Passeggero;F;Rifiuta cure immediate;0;NON DECEDUTO;Non accertato;Inesistente
3374877;23;28/06/2017 14:00;Comunale extraurbana;VIA CRISTOFORO COLOMBO;in corrispondenza;;della chilometrica;18.072;;Tamponamento Multiplo;Rettilineo;Più di due carreggiate;Asciutto;Asfaltata;Verticale ed orizzontale;Nuvoloso;Intenso;Buona;Ore Diurne;6;0;0;0;12,49637;41,87316;-1;2;Autovettura privata;In marcia / fermata / arresto;Passeggero;F;Rifiuta cure immediate;0;NON DECEDUTO;Non accertato;Inesploso
3374877;23;28/06/2017 14:00;Comunale extraurbana;VIA CRISTOFORO COLOMBO;in corrispondenza;;della chilometrica;18.072;;Tamponamento Multiplo;Rettilineo;Più di due carreggiate;Asciutto;Asfaltata;Verticale ed orizzontale;Nuvoloso;Intenso;Buona;Ore Diurne;6;0;0;0;12,49637;41,87316;-1;3;Autovettura privata;In marcia / fermata / arresto;Conducente;F;Rimandato;0;NON DECEDUTO;Non utilizzato;Esploso
3374885;23;28/06/2017 20:30;Strada Urbana;VIA PONTINA;in prossimità;;della chilometrica;14.4;;Veicolo in marcia contro ostacolo accidentale;Rettilineo;Una carreggiata a senso unico di marcia;Asciutto;Asfaltata;Assente;Sereno;Intenso;Insufficiente;Inesistente;2;0;0;0;12,79855;41,5088;-1;1;Autovettura privata;In marcia / fermata / arresto;Conducente;M;Rimandato;0;NON DECEDUTO;Non accertato;Inesploso
3374885;23;28/06/2017 20:30;Strada Urbana;VIA PONTINA;in prossimità;;della chilometrica;14.4;;Veicolo in marcia contro ostacolo accidentale;Rettilineo;Una carreggiata a senso unico di marcia;Asciutto;Asfaltata;Assente;Sereno;Intenso;Insufficiente;Inesistente;2;0;0;0;12,79855;41,5088;-1;1;Autovettura privata;In marcia / fermata / arresto;Passeggero;F;Rimandato;0;NON DECEDUTO;Non accertato;Inesploso
3374925;16;29/06/2017 14:45;Strada Urbana;VIA FEDERICO OZANAM;in prossimità;;del civico n.;23;;Veicolo in marcia contro veicolo in sosta;Rettilineo;Una carreggiata a doppio senso;Asciutto;Asfaltata;Assente;Sereno;Scarso;Buona;Ore Diurne;0;0;0;1;12,44739;41,87594;-1;2;Autovettura privata;In marcia / fermata / arresto;Conducente;F;Illeso;0;;Non accertato;Inesploso
3375103;10;29/06/2017 17:30;Strada Urbana;VIA SELINUNTE;in prossimità;;del civico n.;20;;Veicolo in marcia contro veicolo in sosta;Rettilineo;Una carreggiata a doppio senso;Asciutto;Asfaltata;Orizzontale;Sereno;Scarso;Sufficiente;Ore Diurne;0;0;0;1;12,55024;41,85695;-1;1;Autovettura privata;In marcia / fermata / arresto;Conducente;M;Illeso;0;;Non accertato;Inesploso
3375442;17;28/06/2017 17:05;Strada Urbana;LUNGOTEVERE DELLE ARMI;all'intersezione con;VIA CIRO MENOTTI;VIA CIRO MENOTTI;;;Scontro laterale fra veicoli in marcia;Incrocio;Una carreggiata a senso unico di marcia;Asciutto;Asfaltata;Verticale ed orizzontale;Sereno;Normale;Sufficiente;Ore Diurne;1;0;0;3;12,46957;41,91646;-1;1;Autovettura privata;In marcia / fermata / arresto;Conducente;M;Illeso;0;;;
3375442;17;28/06/2017 17:05;Strada Urbana;LUNGOTEVERE DELLE ARMI;all'intersezione con;VIA CIRO MENOTTI;VIA CIRO MENOTTI;;;Scontro laterale fra veicoli in marcia;Incrocio;Una carreggiata a senso unico di marcia;Asciutto;Asfaltata;Verticale ed orizzontale;Sereno;Normale;Sufficiente;Ore Diurne;1;0;0;3;12,46957;41,91646;-1;1;Autovettura privata;In marcia / fermata / arresto;Passeggero;F;Illeso;0;;;
3375442;17;28/06/2017 17:05;Strada Urbana;LUNGOTEVERE DELLE ARMI;all'intersezione con;VIA CIRO MENOTTI;VIA CIRO MENOTTI;;;Scontro laterale fra veicoli in marcia;Incrocio;Una carreggiata a senso unico di marcia;Asciutto;Asfaltata;Verticale ed orizzontale;Sereno;Normale;Sufficiente;Ore Diurne;1;0;0;3;12,46957;41,91646;-1;1;Autovettura privata;In marcia / fermata / arresto;Passeggero;F;Illeso;0;;;
3375442;17;28/06/2017 17:05;Strada Urbana;LUNGOTEVERE DELLE ARMI;all'intersezione con;VIA CIRO MENOTTI;VIA CIRO MENOTTI;;;Scontro laterale fra veicoli in marcia;Incrocio;Una carreggiata a senso unico di marcia;Asciutto;Asfaltata;Verticale ed orizzontale;Sereno;Normale;Sufficiente;Ore Diurne;1;0;0;3;12,46957;41,91646;-1;2;Motociclo a solo;In marcia / fermata / arresto;Conducente;F;Rimandato;0;NON DECEDUTO;;
3375443;9;28/06/2017 20:20;Strada Urbana;VIA LABICANA;in prossimità;;del civico n.;77;;Scontro frontale fra veicoli in marcia;Rettilineo;Più di due carreggiate;Asciutto;Asfaltata;Orizzontale;Sereno;Scarso;Buona;Ore Diurne;1;0;0;1;12,49901;41,8895;-1;1;Autovettura privata;In marcia / fermata / arresto;Conducente;M;Illeso;0;;Non accertato;Inesploso
3375443;9;28/06/2017 20:20;Strada Urbana;VIA LABICANA;in prossimità;;del civico n.;77;;Scontro frontale fra veicoli in marcia;Rettilineo;Più di due carreggiate;Asciutto;Asfaltata;Orizzontale;Sereno;Scarso;Buona;Ore Diurne;1;0;0;1;12,49901;41,8895;-1;2;Velocipede;In marcia / fermata / arresto;Conducente;M;Rimandato;0;NON DECEDUTO;Esente;
3375449;15;28/06/2017 16:10;Strada Urbana;VIA PORTUENSE;all'intersezione semaforizzata con;VIA DELLA FANELLA;VIA DELLA FANELLA;;;Tamponamento Multiplo;Incrocio;Una carreggiata a doppio senso;Asciutto;Asfaltata;Assente;Sereno;Normale;Buona;Ore Diurne;0;0;0;4;12,43284;41,85174;-1;1;Autovettura privata;In marcia / fermata / arresto;Conducente;M;Illeso;0;;Utilizzato;Inesploso
3375449;15;28/06/2017 16:10;Strada Urbana;VIA PORTUENSE;all'intersezione semaforizzata con;VIA DELLA FANELLA;VIA DELLA FANELLA;;;Tamponamento Multiplo;Incrocio;Una carreggiata a doppio senso;Asciutto;Asfaltata;Assente;Sereno;Normale;Buona;Ore Diurne;0;0;0;4;12,43284;41,85174;-1;2;Autovettura privata;In marcia / fermata / arresto;Conducente;M;Illeso;0;;Utilizzato;Inesploso
3375449;15;28/06/2017 16:10;Strada Urbana;VIA PORTUENSE;all'intersezione semaforizzata con;VIA DELLA FANELLA;VIA DELLA FANELLA;;;Tamponamento Multiplo;Incrocio;Una carreggiata a doppio senso;Asciutto;Asfaltata;Assente;Sereno;Normale;Buona;Ore Diurne;0;0;0;4;12,43284;41,85174;-1;2;Autovettura privata;In marcia / fermata / arresto;Passeggero;F;Illeso;0;;Utilizzato;Inesploso
3375449;15;28/06/2017 16:10;Strada Urbana;VIA PORTUENSE;all'intersezione semaforizzata con;VIA DELLA FANELLA;VIA DELLA FANELLA;;;Tamponamento Multiplo;Incrocio;Una carreggiata a doppio senso;Asciutto;Asfaltata;Assente;Sereno;Normale;Buona;Ore Diurne;0;0;0;4;12,43284;41,85174;-1;3;Autovettura privata;In marcia / fermata / arresto;Conducente;F;Illeso;0;;Utilizzato;Inesploso
3375451;11;28/06/2017 12:50;Strada Urbana;VIA ALESSANDRA MACINGHI STROZZI;in corrispondenza;;del civico n.;14;;Tamponamento Multiplo;Rettilineo;Una carreggiata a doppio senso;Bagnato (pioggia);Asfaltata;Verticale ed orizzontale;Pioggia in atto;Normale;Buona;Ore Diurne;0;0;0;4;12,49163;41,85987;-1;1;Autovettura privata;In marcia / fermata / arresto;Conducente;M;Illeso;0;;Non accertato;
3375451;11;28/06/2017 12:50;Strada Urbana;VIA ALESSANDRA MACINGHI STROZZI;in corrispondenza;;del civico n.;14;;Tamponamento Multiplo;Rettilineo;Una carreggiata a doppio senso;Bagnato (pioggia);Asfaltata;Verticale ed orizzontale;Pioggia in atto;Normale;Buona;Ore Diurne;0;0;0;4;12,49163;41,85987;-1;1;Autovettura privata;In marcia / fermata / arresto;Passeggero;F;Illeso;0;;Non accertato;
3375451;11;28/06/2017 12:50;Strada Urbana;VIA ALESSANDRA MACINGHI STROZZI;in corrispondenza;;del civico n.;14;;Tamponamento Multiplo;Rettilineo;Una carreggiata a doppio senso;Bagnato (pioggia);Asfaltata;Verticale ed orizzontale;Pioggia in atto;Normale;Buona;Ore Diurne;0;0;0;4;12,49163;41,85987;-1;2;Autovettura privata;In marcia / fermata / arresto;Conducente;F;Illeso;0;;Non accertato;
3375451;11;28/06/2017 12:50;Strada Urbana;VIA ALESSANDRA MACINGHI STROZZI;in corrispondenza;;del civico n.;14;;Tamponamento Multiplo;Rettilineo;Una carreggiata a doppio senso;Bagnato (pioggia);Asfaltata;Verticale ed orizzontale;Pioggia in atto;Normale;Buona;Ore Diurne;0;0;0;4;12,49163;41,85987;-1;3;Autovettura privata;In marcia / fermata / arresto;Conducente;M;Illeso;0;;Non accertato;
3375456;15;28/06/2017 18:50;Strada Urbana;VIA ODERISI DA GUBBIO;in corrispondenza;;del civico n.;178;;Veicolo in marcia contro veicolo in sosta;Rettilineo;Una carreggiata a doppio senso;Asciutto;Asfaltata;Verticale ed orizzontale;Nuvoloso;Intenso;Buona;Ore Diurne;0;0;0;2;12,46448;41,86491;-1;1;Autovettura privata;Sosta;Passeggero;F;Illeso;0;;Utilizzato;Inesploso
3375456;15;28/06/2017 18:50;Strada Urbana;VIA ODERISI DA GUBBIO;in corrispondenza;;del civico n.;178;;Veicolo in marcia contro veicolo in sosta;Rettilineo;Una carreggiata a doppio senso;Asciutto;Asfaltata;Verticale ed orizzontale;Nuvoloso;Intenso;Buona;Ore Diurne;0;0;0;2;12,46448;41,86491;-1;2;Autovettura privata;In marcia / fermata / arresto;Conducente;M;Illeso;0;;Utilizzato;Inesploso
3375458;7;29/06/2017 22:00;Strada Urbana;VIALE PALMIRO TOGLIATTI;all'intersezione con;VIA SANTI ROMANO;VIA SANTI ROMANO;;;Scontro frontale/laterale SX fra veicoli in marcia;Intersezione semaforizzata;Due carreggiate;Asciutto;Asfaltata;Verticale ed orizzontale;Sereno;Normale;Buona;Sufficiente;1;0;0;2;12,56884;41,86242;-1;1;Motociclo a solo;In marcia / fermata / arresto;Conducente;M;Rimandato;0;NON DECEDUTO;Non accertato;
3375458;7;29/06/2017 22:00;Strada Urbana;VIALE PALMIRO TOGLIATTI;all'intersezione con;VIA SANTI ROMANO;VIA SANTI ROMANO;;;Scontro frontale/laterale SX fra veicoli in marcia;Intersezione semaforizzata;Due carreggiate;Asciutto;Asfaltata;Verticale ed orizzontale;Sereno;Normale;Buona;Sufficiente;1;0;0;2;12,56884;41,86242;-1;2;Autovettura privata;In marcia / fermata / arresto;Conducente;M;Illeso;0;;Esente;Inesploso
3375458;7;29/06/2017 22:00;Strada Urbana;VIALE PALMIRO TOGLIATTI;all'intersezione con;VIA SANTI ROMANO;VIA SANTI ROMANO;;;Scontro frontale/laterale SX fra veicoli in marcia;Intersezione semaforizzata;Due carreggiate;Asciutto;Asfaltata;Verticale ed orizzontale;Sereno;Normale;Buona;Sufficiente;1;0;0;2;12,56884;41,86242;-1;2;Autovettura privata;In marcia / fermata / arresto;Passeggero;M;Illeso;0;;Non accertato;Inesploso
3375459;9;29/06/2017 15:10;Strada Urbana;VIA LATINA;all'intersezione con;VIA NUMANZIA;VIA NUMANZIA;;;Scontro frontale/laterale SX fra veicoli in marcia;Incrocio;Una carreggiata a senso unico di marcia;Asciutto;Asfaltata;Verticale ed orizzontale;Sereno;Scarso;Buona;Ore Diurne;1;0;0;1;12,5118;41,87372;-1;1;Autovettura privata;In marcia / fermata / arresto;Conducente;M;Rimandato;0;NON DECEDUTO;Non accertato;Inesploso